#NAME,ADM3_R1_q25,SSD4_S18_L001_R1_001,M1_2,DEVA_BWPP7_M,SSD7_S5_L001_R1_001,M9_2,G5088,SSD8_S7_L003_R1_001,LHC14.Cone.Pool.Cones,Zloty_Stok_ZS_2,Zloty_Stok_ZS_3,SD6_S2_L002_R1_001,JM5.R1,SSD4_S18_L002_R1_001,SSD8_S7_L004_R1_001,SSD10_S12_L002_R1_001,M8_1,SD7_S4_L001_R1_001,JM6.R1,DEVA_BWPP7_G,M8_2,M4_1,JM23.R1,M6_1,M7_1,SD3_S15_L001_R1_001,G5089,M5_2,SSD6_S3_L003_R1_001,G5090,JM29.R1,KOW_3,SD6_S2_L001_R1_001,GB14.Black.Soil.Upstream.of.Weir,ADM1_R1_q25,KOW_2,DEVA_BWPP7_L,M2_2,GB14.Orange.Biofilm.Below.Weir,SSD9_S9_L002_R1_001,SSD3_S16_L003_R1_001,JM30.R1,DEVA_BWPP7_N,M4__2,SD10_S10_L001_R1_001,M2_1,M5_1,JM26.R1,DEVA_BWPP7_H,GB14.Cone.Pool.Mat,JM4.R1,M1_1,KOW_0,JM31.R1,M6_2,SSD10_S12_L003_R1_001,ADM2_R1_q25,M7_2,JM15.R1,M3_1,JM8.R1,DEVA_BWPP7_I,M3_2
K00010,943,426,23260,37829,2832,27706,36797,4381,44019,67884,114888,4595,11969,2845,4153,3753,25677,6544,10422,45771,25857,49,9822,55,24306,3429,34750,26160,3580,31274,13112,376,4698,29397,110346,185678,46516,24719,36367,3225,2337,11765,30807,24878,3072,24955,26349,11953,57337,39721,11151,23180,202919,10625,23861,3237,17595,24403,13858,23520,10210,55209,68
K00020,407,186,15192,26382,1601,17729,25537,2696,34042,42650,79290,2790,6327,1791,2709,2547,13480,3675,5704,33873,13739,39,5343,47,16726,2037,24542,15339,2145,21848,7261,204,2840,14848,74135,136453,33601,15797,26185,1959,1288,6324,21771,15497,1899,15374,15260,6546,40792,27515,5702,15055,154124,6083,15240,2019,11317,16515,7700,15423,5718,38476,42
K00030,561,172,17284,20167,1557,16840,19069,2280,31362,44812,81145,2727,6229,1564,2283,1955,20170,3342,5504,23994,20709,43,6186,42,19419,1706,17542,18529,1965,15133,7193,366,2629,28062,54361,146470,24866,17008,25350,1701,1313,6695,16405,18392,1535,16575,18246,6230,31377,25060,5795,17154,141263,5303,17085,1604,9168,19660,6907,16658,4657,29169,58
K00040,468,125,8252,10668,1070,6176,10414,1321,7331,13361,35539,1472,3120,851,1259,1053,5086,2125,2623,11463,5103,6,2865,0,10080,1075,9129,7619,1120,7523,3964,5,1571,7891,38470,30979,12819,7683,7624,1013,759,3308,7735,8646,723,7869,7672,3133,16120,11029,2659,7943,36086,2881,8769,777,6384,10310,2823,8477,2057,14113,2
K00051,495,140,10684,14069,1047,9771,14193,1564,25790,25296,45077,1842,4631,952,1359,1299,12493,2369,4224,13901,12528,21,4185,38,12580,1190,12229,12840,1190,11175,4669,145,1835,17496,52536,69302,18014,10682,20627,1067,786,4660,9600,11879,1020,10667,12452,5049,18936,22776,4632,10506,82090,4568,12096,1045,8608,12620,4902,10592,3909,17246,39
K00052,235,125,6960,9265,1128,5455,8921,1366,9036,13735,26858,1420,2209,959,1492,1163,5684,2550,2184,8049,5509,32,2047,41,7593,1105,8003,5783,1161,6563,2677,80,1570,10642,33641,30415,11280,7033,10327,1132,755,2360,5432,7036,880,6853,5822,2784,11798,15572,2057,7005,41120,2229,7478,957,5534,7747,2927,6545,2981,10865,35
K00053,38,6,728,637,56,511,454,42,183,909,4288,60,172,39,60,28,391,77,71,1050,444,1,157,0,870,40,414,660,31,279,218,8,70,252,1042,1868,634,647,207,31,28,143,560,793,28,691,665,63,1082,422,89,785,2297,92,860,12,195,867,173,832,183,987,0
K00061,504,134,12160,13096,802,15579,13652,1368,27079,35117,62397,1578,6457,831,1279,1136,12903,1951,5276,20306,13105,25,5854,24,13883,1057,12310,12799,1052,11035,7483,47,1690,15574,37905,104158,14783,12937,22152,886,741,6561,13509,13515,881,12760,12780,6120,26803,21503,5943,12033,105925,5015,13080,891,6334,13985,6423,13163,3480,23262,28
K00062,0,0,13,7,1,26,32,0,1,49,86,0,0,0,0,0,15,1,0,28,15,0,3,0,31,0,28,7,0,17,9,1,0,11,25,13,8,13,2,0,1,5,12,11,0,18,9,1,15,0,1,16,21,2,7,0,4,37,0,12,2,29,0
K00071,14,5,1235,858,21,2047,593,52,182,4793,8620,71,1060,28,70,32,2367,64,805,2726,2314,33,839,27,1421,34,515,1229,31,392,1161,13,68,768,1123,15403,848,1252,334,47,29,1011,1905,1298,27,1263,1292,906,3511,468,1157,1156,18606,635,1267,21,180,1472,962,1221,425,3546,32
K00100,81,0,189,160,4,187,201,3,25,259,650,6,15,1,10,0,85,10,15,223,74,1,25,0,135,6,211,77,5,111,34,1,15,27,199,312,192,157,14,5,6,19,162,115,5,125,58,10,339,29,8,168,644,11,130,5,41,156,27,182,15,315,1
K00120,0,0,125,72,2,362,167,9,22,87,365,9,158,7,8,0,71,3,75,82,65,0,149,0,47,2,168,152,0,148,296,0,15,540,111,287,33,130,39,6,0,237,96,134,3,135,167,72,205,0,109,124,385,55,155,1,23,56,69,98,21,134,0
K00130,306,38,8524,5885,257,8282,5513,464,9704,21740,33788,713,2960,231,479,411,11415,596,2450,11315,11347,16,3011,36,8263,317,4526,9372,324,4157,3502,12,802,20167,17591,61064,5975,8189,9399,290,291,3439,7175,8133,298,8435,9601,2556,14327,9132,2458,8305,62662,2098,8324,302,3387,8281,3675,7329,3311,13883,13
K00140,122,33,4218,5419,234,1753,1307,346,51,1881,20964,572,835,267,387,244,6196,529,689,4146,6353,0,1450,0,3337,278,1195,3691,291,1044,1892,0,564,4166,5251,9460,6466,3905,79,308,212,1752,3981,4012,222,3931,3653,879,5283,210,654,4293,11384,763,3464,245,674,3284,853,4888,649,3647,0
K00190,1348,575,44102,54791,3974,51150,56577,6326,109081,109507,214649,7511,25618,4293,6050,4987,53338,9237,21149,74151,54767,234,19476,336,45645,4857,51133,50350,4869,43881,25988,332,7669,71623,160584,353095,64219,46113,89446,4199,3223,24160,50939,46544,4130,45935,49455,22820,97753,90596,22224,43543,407182,20435,43805,4036,26942,45858,28312,43286,19520,91177,349
K00195,168,7,7198,1359,49,1934,1907,53,17782,69,279,294,217,33,57,46,13360,163,221,2622,13933,1,1051,1,4821,48,1874,9180,54,1203,470,0,301,33210,2031,296,594,6592,13923,49,37,1199,1037,6235,77,6430,9063,226,5943,6046,219,6866,360,274,5963,41,1348,4747,961,5361,627,6051,0
K00196,177,8,3326,232,27,920,866,32,7907,0,5,134,34,27,25,16,5632,74,55,171,5922,0,348,0,2370,6,872,4494,22,633,155,0,165,15355,1191,2,44,2817,5493,16,21,445,324,2908,28,2834,4343,50,749,2248,52,3274,2,89,2730,17,684,2269,391,2658,288,594,0
K00230,1275,439,33912,44508,2800,44475,52743,4995,71644,97731,181108,5333,17549,3322,4917,4349,40181,6843,14925,60833,40150,118,15990,122,37286,3486,46993,36585,4062,41814,20286,388,5413,46057,154662,301654,53019,35501,56179,3382,2491,18227,39598,36249,3350,35297,36413,16715,78752,60367,16242,33901,316661,14408,35790,3461,23873,37410,19892,34092,16263,75442,97
K00232,0,0,38,2,0,25,11,0,6,4,70,1,4,0,0,0,7,0,8,15,11,0,11,0,24,1,21,36,0,16,10,0,3,63,16,21,6,37,16,0,0,14,14,29,0,37,27,9,44,0,9,41,11,6,31,0,8,23,10,37,23,24,0
K00240,580,161,14112,16913,1131,17134,21569,1805,33015,44016,71787,2062,7544,1274,1791,1737,16980,2921,6497,22698,17125,9,6454,15,15176,1436,19276,16087,1465,16711,7996,54,2268,21271,67227,122075,20274,14706,27203,1324,941,7235,14866,15098,1352,14548,15788,7567,29662,28809,7343,13862,131639,6140,14669,1184,10476,15172,8328,13658,6539,28414,17
K00250,1321,575,46287,66910,4322,56596,67116,6801,86070,113412,221010,7823,22380,4643,6931,6554,54231,9758,18666,86341,55034,137,19335,127,50273,5090,60220,52009,5767,52739,25145,866,7869,58325,192763,345524,81809,48011,70090,5088,3835,22110,56474,50742,4718,47507,51849,20827,108986,76693,19515,45503,371471,18338,49429,4935,31158,50752,25165,46660,17096,103337,181
K00253,0,0,75,14,0,4,5,3,1,5,56,2,0,0,0,0,0,0,0,23,1,0,6,0,0,4,0,6,0,0,3,0,0,97,0,2,3,29,0,0,0,2,7,26,0,27,12,0,25,2,0,73,6,0,25,0,0,0,4,53,2,17,0
K00260,1071,459,44523,52267,3497,52148,55736,5453,67472,93473,195969,6616,23082,3486,5367,4702,52238,8128,19360,80745,52164,127,21197,135,45926,4124,48520,48418,4417,43195,28427,331,6606,49675,152977,271898,60563,47292,56865,3904,2980,24975,51429,48169,3749,46479,48074,22579,102499,62000,20889,43838,294125,18246,46066,3866,25498,46468,25295,45557,17458,96767,137
K00270,1056,289,24987,34397,2285,29028,35375,3380,47937,66038,123637,4033,12495,2219,3464,2852,28089,4932,10584,49527,28312,57,11365,63,26860,2672,32382,25731,2823,27747,14537,226,4141,35219,88798,206184,39861,25838,40796,2331,1832,13095,31862,25880,2296,25738,25882,11542,62589,42088,11179,24869,222817,10377,25383,2271,15628,26899,14159,25190,9207,58208,49
K00280,248,267,29760,34297,2022,41580,27489,2902,44021,57286,167182,3878,16216,1833,2988,2410,29176,4542,13522,64321,29722,105,13806,64,29766,2461,25037,29917,2341,21621,18752,289,4111,22622,58662,142564,38913,31926,36101,2020,1677,15974,40462,30331,1975,31827,29773,14686,82383,38042,15188,29468,149177,12089,29557,2037,10491,30115,17647,32259,10889,72432,154
K00281,18,21,3901,4436,209,4768,3421,328,2117,5513,23571,397,1020,250,312,278,3877,474,875,8575,3907,27,1183,24,3620,248,2825,3834,262,2576,1624,4,462,1648,6203,15959,5007,4034,2101,210,185,1323,5808,3755,218,4125,3920,825,10837,2237,695,3937,16906,811,3700,224,936,3571,1506,4213,982,8755,23
K00290,876,278,21971,27293,1968,20748,25953,3070,17837,34634,86633,3032,7898,2079,3083,2695,22222,4408,6010,38018,22348,31,8292,42,21350,2419,22845,22944,2517,19446,10991,128,3293,26371,80884,132499,32522,21066,17605,2257,1609,9379,23853,21635,2051,20860,23069,7289,47223,26048,5873,22192,146986,6425,20162,2087,13817,21345,9535,22113,6314,42152,48
K00300,454,166,16116,20234,1285,18832,18869,1958,28730,39534,74666,2591,8371,1320,1905,1600,20341,2907,7126,29879,20025,134,7183,154,17115,1475,16082,17425,1493,13923,8854,99,2473,20282,56356,111324,23693,16503,24957,1254,1132,8169,19557,16867,1307,16313,17237,7823,38264,26271,7328,16038,128997,6517,16219,1286,9907,17369,9311,15793,6265,36360,126
K00310,186,68,7659,8671,443,10957,9492,685,15333,20530,38038,1137,4985,481,664,523,7990,1018,4106,16379,7976,1,3819,4,7862,588,8319,8102,552,7026,5086,0,1140,7355,22386,29849,9530,8231,13320,499,441,4308,10376,8243,424,8026,8143,4793,21061,12576,4650,7586,34055,3440,7871,374,3213,7907,4879,7916,2663,18964,1
K00311,41,3,1016,846,90,1079,668,123,4669,2695,4760,109,243,79,108,121,562,187,279,1381,544,0,309,0,723,105,544,771,91,498,400,0,119,868,1285,3564,971,1025,4565,69,67,343,716,969,59,1077,725,276,1540,4027,201,1029,3920,286,815,64,331,732,355,1041,333,1465,0
K00312,0,0,0,2,0,0,0,0,0,0,50,0,0,0,0,0,2,0,0,0,0,0,0,0,0,0,0,0,0,0,0,0,0,0,0,0,2,0,0,0,0,0,0,1,0,1,0,0,0,0,0,0,4,0,0,0,0,0,0,0,0,0,0
K00330,779,183,27135,21977,1529,29933,27812,2479,37543,49578,110091,3006,7979,1431,2241,1956,31525,3359,6954,35971,31702,90,9140,107,27341,1618,24000,30577,1868,20905,11789,197,2966,41889,72549,209190,25773,28037,31744,1481,1260,9896,20744,28097,1571,27926,30833,7732,43339,34740,6940,26701,211256,6660,26918,1640,12286,27480,10705,26811,8726,40811,154
K00331,0,0,11,0,0,0,0,0,20,0,0,0,0,0,0,0,1,0,0,0,1,0,0,0,0,0,0,0,0,0,0,0,0,96,0,0,0,15,4,0,0,0,0,0,0,14,0,0,0,0,0,13,1,0,3,0,0,1,0,7,0,0,0
K00340,267,134,12451,14952,946,17342,17855,1505,26440,38448,66098,1799,5973,1089,1510,1418,15831,2139,5156,20446,15880,97,5441,70,12931,1222,15885,14090,1252,13804,6965,192,1821,17651,44978,106878,18201,13620,20183,1042,870,6056,13168,14162,1132,13530,13999,5800,26388,21075,5258,12488,117698,4730,13905,1190,7108,13046,7001,12839,5164,24773,57
K00350,79,63,5453,5135,316,7111,4332,493,11169,12791,30850,617,2361,276,562,435,6272,788,2516,8923,6532,15,2384,15,4627,389,4133,5916,360,3703,3059,31,678,9070,12287,22627,5656,5899,8838,356,312,2615,5405,6087,322,5881,5977,2593,11150,8282,2561,5344,23334,2154,5603,355,2431,4615,3014,5364,2217,9969,16
K00351,52,1,92,48,3,49,28,3,39,82,192,10,19,5,3,2,23,6,19,141,27,0,26,0,72,6,36,52,6,28,38,0,12,64,72,40,41,104,55,3,6,27,76,87,0,84,46,35,208,83,31,76,41,42,95,1,7,63,46,77,17,163,0
K00360,154,64,7942,10977,578,11016,11138,1023,10629,13235,40661,1214,4105,592,988,794,10072,1499,3324,15348,10026,30,3885,32,7628,832,9810,9115,777,8825,5136,32,1212,8261,24097,46094,14034,8518,8266,719,561,4374,9361,9220,651,8445,9017,3729,18648,7813,3436,7858,47057,2976,8445,735,3935,7560,4343,8598,2996,16330,20
K00361,9,4,2057,684,32,2169,215,34,1925,1835,9489,110,319,25,33,19,1970,61,247,2094,2014,4,588,3,2008,38,201,1988,26,181,749,4,99,3187,887,8173,543,1954,1693,21,27,624,963,2067,29,1821,1978,297,2595,1310,326,2073,7315,264,1833,16,348,2029,476,1848,356,1948,0
K00362,18,7,1594,1861,47,2081,947,74,189,2060,20074,108,381,58,77,78,1439,108,331,3248,1412,2,595,8,1459,66,814,1841,70,717,828,140,137,1260,1780,8660,1953,1591,220,53,47,649,1953,1683,74,1541,1774,306,3967,372,290,1533,9748,262,1334,45,399,1446,442,1607,464,2996,9
K00363,3,0,24,8,0,13,3,1,0,7,133,0,0,0,0,0,10,2,9,14,11,0,11,0,21,0,2,30,0,2,14,0,2,28,25,40,5,22,0,0,0,11,9,26,0,22,37,3,24,0,7,34,62,2,39,0,7,12,4,28,4,17,0
K00364,0,0,4,2,0,0,0,0,0,0,7,0,0,0,0,0,0,0,0,6,0,0,0,0,0,0,0,3,0,0,1,0,0,2,0,1,0,0,0,0,0,0,4,0,0,3,1,0,10,0,1,2,5,0,1,0,0,2,0,6,0,4,0
K00380,46,28,2292,2632,143,2442,2488,196,791,6662,16022,266,619,108,161,159,3206,337,723,4420,3127,34,825,50,2230,128,2351,2042,153,1858,1186,25,252,2033,5173,18832,2954,2899,1223,138,128,942,2728,2580,118,2828,1977,929,5194,1474,725,2284,16857,839,2336,191,599,2290,1223,2206,842,4835,17
K00400,552,127,14012,13299,952,15678,15289,1487,30263,33391,63092,1669,6948,973,1545,1334,15710,1833,5560,20762,16008,33,6552,57,13785,1063,13526,15738,1156,11860,8024,91,1892,23820,47124,119479,14731,13837,24707,1059,896,7414,13116,14678,978,13826,15663,6154,26384,23452,6082,13705,125679,5167,14327,1151,7859,14248,7695,13413,6008,25845,39
K00410,0,0,1,4,0,1,0,0,0,2,27,0,0,0,0,0,2,0,1,3,0,0,6,0,1,0,2,6,0,1,1,0,0,0,2,60,2,2,0,0,0,11,0,5,0,3,6,0,5,0,0,1,24,2,3,0,6,0,2,6,1,6,0
K00430,0,1,579,547,11,434,284,31,2,218,2752,29,495,17,12,4,562,35,250,1894,555,2,417,0,675,12,201,495,11,176,581,0,43,38,325,356,801,589,11,14,24,467,896,505,15,596,554,325,1939,12,336,574,381,201,486,11,91,681,341,740,49,1326,0
K00440,23,3,915,822,27,792,623,23,123,2441,6826,56,182,14,26,13,1116,46,159,1560,1051,3,263,0,751,30,516,1082,23,441,368,6,70,678,1061,5704,992,847,193,18,24,278,865,936,28,904,1003,160,1679,369,150,926,6514,170,958,19,194,808,218,1037,177,1507,1
K00450,138,22,2984,3861,219,3010,3176,397,8497,7807,14540,447,1570,206,356,333,3067,592,1428,5168,3332,3,1232,6,2870,262,2854,3313,325,2425,1650,6,488,4391,12209,17766,4807,3174,6578,260,245,1584,3513,3094,272,3155,3180,1576,7209,5873,1420,2862,20342,1408,3236,303,2425,2956,1691,2812,1136,6353,0
K00460,0,0,9,11,1,6,0,4,0,7,81,0,0,3,2,2,0,3,0,15,1,0,0,0,2,0,1,7,2,0,5,0,1,2,5,0,17,3,0,1,3,4,11,8,0,0,1,1,23,1,1,3,10,0,7,3,0,2,4,5,6,25,0
K00480,106,30,8895,6262,251,10220,6236,439,5278,19802,35773,786,3413,195,421,236,11339,640,2823,15240,11256,64,4260,70,7761,324,5109,10145,267,4567,5315,67,880,12061,11008,61017,6047,8888,5162,203,362,4700,9648,9130,214,8617,9862,2858,19298,3868,2819,8826,58046,2391,8840,202,2604,7958,3885,9071,1890,16300,63
K00500,706,201,18544,25224,1849,11472,22836,2603,28011,35158,52167,3544,6898,1733,2573,2185,29753,4281,6184,20190,30496,61,6200,83,14633,2060,21823,21372,2112,18301,7192,58,3588,43719,81907,94215,32001,18530,24964,1741,1428,7219,15009,18221,1805,18521,20793,7142,27582,26786,6644,18378,100641,6751,18424,1703,13662,14868,8461,16444,6199,26766,54
K00510,25,14,1691,1234,158,1139,1159,158,4281,2436,4481,187,500,131,162,147,1990,317,438,1338,2189,18,456,27,1675,164,1165,1625,162,803,427,15,189,4934,2840,5681,1420,1494,3910,128,112,514,963,1503,89,1520,1639,406,1987,3390,456,1570,5555,435,1551,126,612,1774,559,1285,481,1710,14
K00511,14,33,1490,2563,300,561,1524,332,795,890,3324,375,179,213,325,220,1133,632,191,842,1057,0,188,2,1236,241,1534,1756,321,1178,219,0,343,4286,8441,3045,3425,1411,1076,225,154,223,811,1470,187,1384,1700,251,1254,2838,167,1498,4291,266,1418,178,1163,1196,211,1236,247,1400,1
K00512,0,0,3,1,0,0,0,0,0,10,3,1,0,0,0,0,2,0,0,3,2,0,0,0,4,0,8,1,0,7,0,0,0,2,0,0,2,4,0,0,0,0,2,3,0,1,2,2,13,0,0,4,0,0,1,0,0,1,0,7,2,15,0
K00513,0,0,2,2,0,2,7,0,0,34,16,0,1,0,0,0,2,0,0,1,1,0,1,0,2,0,9,2,0,6,0,0,0,0,9,7,3,3,4,1,0,0,3,3,0,3,5,0,6,0,0,4,1,0,1,0,1,1,1,4,0,5,0
K00514,0,0,12,2,0,1,10,0,0,44,22,0,0,0,0,0,1,0,0,1,4,0,3,0,0,0,19,0,0,14,0,0,0,6,0,11,1,1,0,0,0,0,0,8,0,1,4,0,16,0,0,29,4,0,0,0,0,0,0,15,0,17,1
K00520,414,178,12502,14840,1218,13204,18326,1789,29577,44079,65898,2079,5770,1129,1830,1494,13816,2782,4863,19193,14123,19,5072,20,12666,1340,15919,14210,1380,13829,6146,221,2023,18170,54004,107807,17629,12242,23067,1206,1024,5858,13103,13088,1106,12240,13916,5390,25199,23727,5235,12355,129487,4903,12499,1108,8347,12846,6404,11910,3915,23947,27
K00521,332,137,8716,12243,865,8229,12533,1246,21206,24434,38698,1394,3722,955,1190,1121,8388,2020,3432,13056,8613,86,2778,77,9001,1012,11022,10637,1064,10270,3552,41,1525,15323,31532,62361,14797,8719,16854,996,740,3485,9084,9586,869,8762,10421,3915,16712,17564,3782,8633,77166,3047,8633,880,4684,9115,3993,8361,3259,16415,60
K00522,0,0,17,4,0,3,1,0,0,0,27,0,0,2,0,0,2,1,0,4,0,0,0,0,2,0,2,7,0,0,1,0,0,0,3,1,4,0,0,0,0,1,1,5,0,3,3,0,7,1,0,13,6,4,5,0,2,4,2,8,1,5,0
K00523,0,0,0,2,0,0,2,0,0,8,0,0,0,0,0,0,0,0,0,2,0,0,0,0,1,0,0,0,0,0,0,0,0,1,0,314,0,0,0,0,0,0,0,0,0,2,2,0,0,0,0,2,160,0,1,0,0,4,0,0,0,2,0
K00531,0,0,4,1,0,14,5,0,2,0,3,0,0,0,0,0,6,0,0,0,12,0,2,0,6,0,5,1,0,0,0,0,0,3,10,0,0,1,4,0,0,0,0,1,0,1,6,0,1,3,0,3,4,0,4,0,2,0,0,4,0,0,0
K00532,0,0,7,2,0,3,6,0,0,3,1,0,0,0,0,0,0,0,4,2,0,0,2,0,2,0,21,0,0,17,1,0,0,11,0,0,0,0,3,0,0,2,0,9,0,0,0,0,10,0,0,7,3,0,10,0,0,4,0,1,3,14,0
K00533,0,0,0,0,0,0,3,0,0,1,0,0,0,0,0,0,1,0,0,0,1,0,0,0,1,0,2,0,0,1,0,0,0,3,0,0,0,5,0,0,0,0,0,0,0,4,1,0,4,0,0,4,0,0,0,0,0,0,0,1,0,4,0
K00534,0,0,11,1,0,3,16,0,0,202,11,0,0,1,0,0,8,0,0,7,6,0,0,0,9,0,66,7,0,23,0,0,0,25,3,10,4,6,1,0,0,1,6,7,0,5,5,0,20,2,0,7,2,1,6,0,0,8,0,2,0,16,0
K00540,182,36,5535,6849,410,7525,7105,646,20290,33776,47523,829,2261,372,596,531,6677,856,1855,10857,6860,19,2331,13,7530,462,6080,6364,447,4932,2979,211,884,10217,30286,105034,8411,5776,13995,435,409,2687,7088,6448,405,5981,6333,1901,13338,11549,1640,5434,111618,1747,6142,418,4200,7636,2606,5644,1290,11976,26
K00550,303,65,11383,11733,814,15244,12569,1245,30871,43644,71364,1791,8136,704,1121,907,14817,1706,6311,17155,14870,139,6254,126,11953,809,10635,13184,839,8984,7992,111,1862,19000,45835,142587,13634,11659,26634,760,676,6975,12456,11878,744,11459,13141,7355,24123,26698,7676,11073,148887,5618,12149,723,7923,11928,6919,11566,3975,21629,87
K00561,220,65,5853,5339,480,6047,5972,676,8353,9478,23284,825,2912,356,620,444,6666,1025,2631,7346,6591,41,2545,47,4979,533,5060,6580,507,4141,3099,22,814,9188,21943,44866,6449,5470,7225,410,382,2778,4777,5651,385,5461,6502,2886,9651,8209,3089,5814,44465,2180,5517,393,3455,4971,3007,5413,2456,9282,25
K00562,6,1,1081,497,49,545,424,39,857,536,4932,93,277,36,51,20,581,59,190,742,617,1,502,0,818,39,357,743,36,303,691,0,85,1036,901,2579,565,874,636,11,27,492,448,1077,26,802,701,341,1218,606,258,1046,3018,193,1027,21,138,839,136,1095,162,957,1
K00563,0,0,131,52,0,150,56,3,0,137,179,7,8,0,1,1,3,3,9,124,19,0,20,0,13,1,79,211,3,51,0,0,10,25,5,14,28,151,5,2,2,23,85,160,2,129,211,10,105,1,6,147,43,12,81,1,1,6,38,122,10,170,0
K00564,117,34,5120,4625,257,6473,5238,458,11331,11265,26661,626,2686,278,462,378,5249,614,2212,6677,5206,32,2787,39,5463,309,4485,5618,344,3826,3342,46,637,7856,20034,62767,5461,5124,9809,231,263,3170,4221,5222,286,5153,5656,2515,8399,9720,2692,5095,62067,2068,5054,241,3316,5450,2930,4768,2291,8519,39
K00565,0,0,10,1,0,8,5,0,3,47,83,1,0,0,0,0,20,1,0,36,1,0,1,0,1,1,5,23,0,2,1,0,0,7,2,25,7,16,3,0,0,0,3,7,0,9,11,0,21,1,2,7,22,4,1,0,0,6,3,9,1,40,0
K00590,79,19,3474,3078,166,3960,2975,248,5819,4428,15071,384,1614,146,253,141,4050,286,1562,6376,4316,16,1883,10,3580,204,2762,3400,179,2260,2298,6,341,4261,7297,11204,3063,3651,5637,190,184,1912,3697,3495,144,3657,3483,1705,7636,3996,1579,3520,11476,1404,3530,125,1285,3573,2020,3723,1108,6842,19
K00591,6,0,62,62,0,138,146,1,17,1245,848,5,17,1,0,1,144,6,47,150,139,0,23,0,225,0,91,142,0,80,32,0,5,37,57,754,73,100,120,0,0,24,80,126,0,122,117,46,273,24,22,68,609,38,149,1,9,228,11,82,18,217,0
K00592,0,0,2,6,0,5,2,0,0,3,21,0,4,0,0,0,2,0,3,6,5,0,3,0,4,0,6,2,0,2,0,0,0,4,1,7,6,3,1,0,0,5,7,1,0,2,1,0,14,2,2,0,14,2,2,0,1,1,0,4,2,17,0
K00600,0,21,205,470,21,311,330,22,275,201,869,25,49,14,31,11,108,56,53,527,124,26,28,13,127,24,302,267,18,233,47,0,36,436,166,468,633,247,344,12,10,32,367,256,6,262,260,43,549,1201,36,175,1096,46,290,2,21,144,89,194,34,471,21
K00601,0,1,0,2,2,0,4,1,75,3,5,1,0,3,0,1,1,2,0,0,1,0,0,0,0,1,4,0,1,8,2,0,1,0,13,8,2,2,79,0,2,0,0,2,0,2,1,1,1,30,0,4,5,0,1,0,0,6,3,3,0,5,0
K00603,0,0,0,0,0,0,0,0,0,0,0,0,0,0,0,0,0,0,0,0,0,0,0,0,0,0,0,0,0,0,0,0,0,0,0,0,0,0,0,0,0,0,0,0,0,0,0,0,0,0,0,0,0,0,0,0,0,0,0,1,0,0,0
K00604,0,0,4,5,0,1,1,0,0,6,3,0,0,0,0,0,1,0,0,16,0,0,0,0,0,0,19,3,0,7,0,0,0,5,0,2,6,2,6,0,0,0,1,2,0,6,1,0,6,0,0,5,1,0,2,0,0,0,0,9,0,20,0
K00620,937,364,21885,29980,2007,25390,28611,3238,40839,48430,101505,3621,13194,2108,3182,2901,25351,4621,10058,36555,25675,151,10705,129,23273,2599,25084,24256,2608,21201,14036,428,3741,34948,90570,168770,37162,22648,33402,2346,1711,12471,25617,23008,2230,22631,23879,11162,47356,36627,10886,21854,181084,9792,21548,2304,15301,23181,13252,21519,8301,45135,126
K00621,0,2,125,16,6,309,70,1,9,101,1297,5,86,2,2,3,85,2,55,115,84,0,160,0,140,0,49,132,3,46,208,0,6,233,66,895,11,138,3,0,1,185,48,168,2,169,127,75,190,6,64,144,946,62,149,0,15,121,94,147,21,114,0
K00622,0,0,17,13,0,7,1,0,3,13,452,1,1,2,0,1,10,1,0,42,8,0,7,0,47,1,2,24,3,3,0,0,1,8,37,431,17,31,7,0,0,0,21,14,0,25,26,1,39,4,0,15,429,1,16,2,5,52,8,26,4,22,0
K00623,2,0,6,27,0,8,31,1,0,12,68,2,0,3,0,2,0,1,4,27,0,0,0,0,3,3,17,20,1,23,0,0,1,1,31,59,21,4,0,0,0,0,12,2,3,6,27,1,22,11,0,9,123,2,9,3,2,3,4,6,2,15,0
K00624,0,0,92,40,5,44,22,6,9,36,604,8,1,5,0,8,47,11,8,134,42,0,34,0,54,2,23,54,7,15,49,0,5,34,19,101,54,75,5,2,3,20,52,56,3,70,74,4,147,30,8,55,143,6,43,5,4,69,27,87,8,86,0
K00625,0,0,58,67,18,54,107,9,377,269,312,18,16,16,14,10,56,34,18,104,57,0,47,0,44,1,81,41,19,92,92,0,13,113,72,280,82,82,489,17,8,42,71,65,1,98,52,23,128,936,5,64,493,17,54,4,18,51,49,55,23,113,0
K00627,2,4,888,345,33,1109,242,24,383,1076,8456,38,111,20,38,16,1418,39,62,1474,1477,2,273,5,949,37,182,908,20,156,342,12,46,1153,469,3815,291,1001,401,10,11,250,624,1055,17,1055,875,57,1525,697,96,928,4116,53,968,14,137,895,251,1099,191,1236,3
K00630,202,116,15971,15077,874,15404,14137,1473,16200,24379,69505,1854,9136,915,1364,1201,18971,2054,6326,24167,19421,74,8663,66,13991,1165,12438,18734,1086,11009,11395,65,1929,24884,31135,99977,16432,15527,13391,957,857,10247,16198,16070,1015,15443,18323,7540,30676,14392,7041,15597,109304,5991,15284,991,6708,13862,8693,15545,4255,26256,43
K00633,8,25,847,3082,144,658,1071,260,385,4921,7848,408,1325,184,325,259,1358,409,883,2092,1462,4,722,1,524,222,874,689,199,809,806,33,368,1245,9083,22151,4093,1083,667,189,167,790,2713,747,189,1019,671,952,2963,1238,826,801,27384,956,1047,214,1300,546,1026,706,648,3495,1
K00640,78,25,1631,2916,139,2842,2378,186,1455,4745,11152,392,1570,139,156,108,1624,334,1015,5111,1653,1,1168,1,2133,189,1960,1557,132,1833,1645,0,404,826,3823,30509,3296,1907,1266,80,146,1536,3641,1753,131,1939,1553,994,6226,1722,1051,1633,25235,1039,1605,115,752,2092,1407,1741,687,5897,1
K00642,0,0,0,6,0,0,4,2,0,0,36,0,0,0,1,0,0,5,0,35,0,0,4,0,0,2,3,0,0,1,3,0,0,1,1,10,7,4,0,1,0,0,1,1,1,2,0,0,29,0,0,0,17,0,4,1,0,0,2,5,2,39,0
K00643,1,2,118,42,0,106,20,2,2,167,122,4,73,1,0,9,671,15,20,45,681,0,16,0,28,9,12,156,5,20,19,0,8,337,24,29,44,137,2,0,10,6,26,251,9,126,190,9,62,0,21,143,55,16,156,5,6,33,7,122,4,39,0
K00650,57,27,2882,4421,257,4956,4761,350,1091,6247,17972,718,3152,231,362,299,2920,635,2172,7142,2910,5,2920,5,2592,306,3907,2806,265,3582,3964,39,703,4556,9242,16701,5279,2960,1843,220,206,3549,5390,2977,265,2831,2713,2594,9046,3366,2223,2841,19149,2329,2893,247,1940,2663,2867,3205,1160,7837,2
K00660,2,0,65,79,11,106,426,29,6,90,793,14,6,9,19,27,85,50,2,114,60,0,6,0,118,26,366,87,22,308,16,2,16,19,2012,1714,137,83,17,15,7,7,57,66,13,84,107,10,142,98,2,81,2135,23,52,35,183,112,65,89,55,119,0
K00670,365,58,5101,6380,362,6682,7002,696,10769,18246,28938,722,2454,437,670,537,6781,1004,2091,9271,7089,11,2210,17,5755,468,5854,5658,474,5554,2590,13,770,7039,24022,50970,7664,5512,8061,459,332,2450,6046,5563,417,5526,5580,2455,12132,9097,2315,5061,53139,1990,5407,491,3521,6042,2781,5070,1952,11578,13
K00680,518,278,7426,22728,1988,7181,20630,2926,10257,19541,34431,2519,2893,2103,2898,3077,7465,4924,2563,12691,7430,56,3492,76,6802,2526,19993,7485,2718,18654,4211,28,2517,8034,59682,79848,34784,7429,8733,2450,1484,4035,9887,7142,2441,7353,7508,2996,15548,13237,2262,7250,79254,3085,6796,2514,9338,6785,4083,7405,3170,14003,73
K00710,3,2,1165,402,20,505,609,46,945,1909,3000,56,84,11,45,21,1488,41,65,1048,1585,1,191,2,672,32,480,1986,17,341,151,0,45,2313,517,4450,429,1132,705,19,17,226,677,1145,23,1066,1989,47,1135,324,39,1110,4448,58,956,14,184,671,256,883,157,1281,0
K00720,190,65,3795,6578,391,4764,7463,563,22774,11115,22970,758,1871,366,587,465,4571,826,1688,7191,4572,12,2147,4,3798,407,6607,3803,519,5892,2756,7,740,3403,16094,29484,7779,3812,18043,459,335,2471,5377,3967,436,3764,3859,1889,9490,18438,1760,3743,30261,1933,3784,402,2604,3864,2176,3864,1596,8593,4
K00730,103,35,5105,5126,336,5476,6017,599,12248,12824,21944,726,3317,373,580,449,7565,900,2736,8080,7398,21,2957,15,5341,447,5616,6512,447,4563,3294,162,829,9800,18122,48528,5635,5166,10428,401,338,3060,5472,5472,398,5243,6494,3034,11033,10191,2941,5194,51569,2332,5289,362,3153,5640,3205,4895,2591,10789,13
K00740,137,49,4036,4905,266,4652,6946,508,11492,12135,19545,606,2270,297,465,397,4700,602,2004,6460,4919,21,2122,52,4609,304,6319,4791,395,5494,2592,78,616,7520,20033,40710,6432,4284,8556,353,302,2402,4245,4368,385,4241,4873,2160,8571,7384,2081,4120,41759,1697,4317,431,3030,4496,2241,4049,1776,7982,18
K00750,72,29,2430,3045,182,3363,3627,394,5595,6746,11604,373,1262,209,349,341,2889,446,978,3708,2941,0,1165,1,2450,278,3396,2563,298,2873,1417,4,375,3643,11526,20325,3433,2731,4639,252,185,1267,2498,2603,236,2674,2624,1245,4792,4354,1093,2374,21865,995,2412,293,1718,2501,1353,2473,1047,4617,0
K00760,462,156,12077,13045,980,13574,14214,1623,24069,29572,57273,1954,7043,951,1587,1269,14605,2210,6110,20496,14818,38,6141,34,13187,1249,12936,14403,1205,11284,7954,68,1847,20288,44722,78978,14794,12768,20227,1044,869,7234,13476,13887,988,12405,14306,6620,25550,19910,6736,12195,83935,5362,13206,1063,7662,13267,7448,11995,4772,25358,23
K00770,178,67,7306,6586,404,7850,7829,665,16529,14079,31250,896,3407,448,713,633,8306,986,2714,9906,8140,44,3635,57,6853,476,6851,8086,517,6155,4338,56,892,9056,20193,46924,7362,7363,13708,442,419,3693,6325,7012,403,7349,7998,3102,13075,12329,2926,7227,54496,2619,7288,477,3497,6739,3419,7043,2229,11373,61
K00780,13,10,2445,2370,154,3034,2387,263,3821,11844,14418,242,759,158,253,223,3652,393,650,4759,3837,17,710,10,2814,185,2267,2462,164,1895,826,10,223,3961,5317,33680,2874,2137,3084,190,173,762,2945,2299,176,2221,2514,640,5556,2962,601,2451,36413,589,2529,153,1011,2727,1096,2322,851,5866,13
K00785,54,4,735,594,36,916,1075,82,1694,2366,3473,84,497,40,59,48,943,97,452,1138,963,0,387,0,849,52,979,988,63,871,464,0,85,1661,4294,6594,728,853,1885,41,39,520,757,848,43,825,986,489,1656,1685,432,732,6731,459,946,55,680,842,570,682,364,1524,0
K00790,76,39,3075,2932,192,3149,4157,337,7184,10814,15639,376,1665,175,325,348,3845,399,1474,3835,4169,18,1332,25,3422,199,3631,3591,263,3280,1625,99,362,5899,10240,32874,3533,2989,4965,232,191,1503,2512,3172,234,2849,3573,1585,5290,5104,1642,3109,34595,1281,3214,265,1778,3279,1759,2868,1523,5458,4
K00791,67,8,976,508,109,348,327,115,664,411,1333,86,86,47,120,131,1157,138,57,314,1210,8,234,5,620,95,321,1299,82,284,205,17,113,1913,1643,2486,640,890,890,69,60,196,238,902,52,930,1301,86,583,927,60,883,2363,137,760,50,352,660,114,863,85,360,7
K00830,0,1,194,57,6,50,79,8,180,532,444,16,30,7,1,7,111,14,32,85,130,0,80,0,66,5,62,329,4,42,50,0,10,1554,203,347,81,263,58,5,4,91,72,213,6,279,345,28,158,24,23,228,420,30,228,9,102,72,74,147,58,137,0
K00860,953,152,32320,22433,1451,27330,20399,2101,108962,43108,75639,3794,19199,1378,2223,1581,39522,3015,13371,37795,39671,117,19043,135,31260,1562,16778,37703,1563,13718,21873,510,3870,78990,66488,163803,22635,31430,86477,1338,1569,21253,28255,31781,1404,31180,37594,14723,55444,72155,15115,32301,178913,12469,31673,1223,14976,31148,19236,29169,10979,53209,147
K00900,484,95,9521,9907,653,10948,11357,947,26841,26901,46187,1319,4649,543,1011,899,12579,1327,3697,15383,12717,17,4520,13,11356,682,10083,11219,748,9075,5430,25,1319,15433,34758,83317,11086,10372,21198,644,581,5078,10153,10689,669,10152,11105,4434,20372,17553,4126,9556,91190,3365,10471,720,5492,11378,5627,9592,3558,19403,22
K00901,0,0,1,0,0,2,0,0,0,0,0,0,0,0,0,0,1,0,0,4,0,0,0,0,0,0,3,0,0,2,0,0,0,0,0,0,2,1,0,0,0,1,5,0,0,1,0,0,2,0,0,0,0,0,0,0,0,0,0,0,0,2,0
K00903,0,0,7,5,0,10,3,0,6,3,76,1,0,0,0,0,0,0,0,9,1,0,3,0,3,1,8,8,2,2,2,0,0,3,1,9,10,8,11,0,1,2,12,10,0,6,3,0,15,35,0,7,12,1,6,0,0,7,0,13,1,15,0
K00904,0,0,0,0,0,0,0,0,0,0,2,0,0,0,0,0,0,0,0,3,0,0,0,0,0,0,0,0,0,0,0,0,0,0,0,0,0,0,0,0,0,0,0,0,0,0,0,0,2,0,0,0,0,0,2,0,0,1,0,0,2,0,0
K00905,0,0,1,3,0,0,0,0,0,0,0,0,0,0,0,0,0,0,0,4,0,0,0,0,0,0,0,2,0,0,0,0,0,0,0,1,5,0,0,0,0,0,3,0,0,0,0,0,3,0,0,0,1,0,0,0,0,0,0,0,0,0,0
K00906,127,13,3825,1595,109,3246,2081,169,15733,3422,2740,368,1855,90,138,104,4068,221,1573,3101,3888,11,2175,6,3918,127,1650,4344,126,1348,2494,1,372,10811,4041,1059,1220,3679,10832,79,123,2286,2419,3560,110,3658,4235,1544,4948,7654,1651,3867,1598,1325,3393,63,1415,3768,2457,3372,1278,4872,13
K00908,13,8,715,652,57,905,964,69,1940,2384,3870,99,430,51,66,89,818,114,420,933,974,2,450,0,701,36,808,844,62,766,465,0,113,1287,3303,8448,796,684,1775,51,42,387,634,720,49,670,839,451,1207,1465,473,717,10667,283,681,57,538,762,382,632,243,1081,3
K00909,0,1,703,742,39,287,125,60,210,1762,2582,81,213,24,55,45,1464,59,168,1915,1491,0,243,0,643,45,131,533,58,139,287,0,111,1450,1031,591,611,598,271,29,37,197,1224,566,16,599,493,160,2066,240,182,716,1785,140,381,28,237,639,721,804,56,2139,0
K00910,216,23,6108,7635,403,5635,3795,542,10126,34325,45357,1073,1193,311,551,337,10835,861,956,10965,11013,31,3021,18,4923,435,3397,7824,411,2748,3589,168,1127,12806,25535,142361,9007,5337,7127,347,393,3201,9169,6283,341,5366,7852,1216,13176,6267,927,5929,168728,1247,5100,336,4964,4933,2660,5070,2841,14966,10
K00920,119,93,6874,9670,483,7330,7304,869,4236,15931,31069,1197,3149,608,839,714,9503,1195,2650,13377,9589,25,2581,27,7882,613,6493,7401,714,5260,3250,16,1175,8066,29206,45959,11497,7038,3808,610,468,3064,8846,7246,598,7055,7438,3039,17574,5137,2852,6793,50505,2721,6989,563,4860,7945,3634,6762,2084,16313,25
K00930,8,1,497,462,5,402,117,18,24,167,2429,22,104,21,17,16,365,33,77,2581,399,0,78,0,480,27,137,556,19,83,106,0,17,73,62,510,428,607,52,7,10,97,968,476,21,596,527,53,2450,130,91,495,665,47,410,5,22,489,82,676,51,1505,0
K00940,234,48,2292,2486,363,1512,2106,378,2305,4626,10491,445,722,246,342,294,1877,652,831,1997,1846,4,582,0,2425,309,1958,2469,357,1588,698,1,467,3304,13721,10884,3124,2302,2478,260,180,536,1946,2110,241,2251,2417,923,3902,3793,801,2257,14498,819,2221,244,2521,2386,914,1963,660,3355,0
K00941,3,1,305,245,19,388,223,29,2005,286,1658,40,490,13,19,15,278,29,437,619,279,0,267,0,365,17,205,352,15,153,357,0,30,584,750,770,228,378,1664,16,21,326,422,464,11,349,394,595,748,1163,535,326,964,321,329,16,99,364,317,353,245,872,0
K00943,0,0,30,10,2,37,7,0,1,2,127,2,2,0,1,3,55,5,2,16,51,0,0,0,21,1,6,20,1,1,2,0,3,17,3,95,11,46,1,2,2,6,9,30,1,60,26,1,20,0,0,37,66,0,34,2,0,21,11,35,2,13,0
K00944,0,0,0,0,0,0,0,0,0,0,0,0,0,0,0,0,0,0,0,0,0,0,0,0,0,0,0,0,0,0,0,0,0,0,0,0,1,0,0,0,0,0,0,0,0,0,0,0,0,0,0,0,0,0,0,0,0,0,0,0,0,0,0
K00945,0,5,1159,282,12,725,150,29,354,195,2825,36,131,35,23,4,1268,39,99,1416,1210,0,156,0,678,10,110,1034,10,88,200,0,39,1145,432,650,169,1110,297,4,14,197,684,889,6,1071,1077,119,1476,769,120,1076,708,67,823,5,136,743,283,1298,110,1041,5
K00960,7,0,662,315,25,1182,208,37,886,313,2849,47,121,14,22,18,564,37,102,719,523,0,126,0,672,17,138,649,18,128,170,1,33,446,549,1504,340,704,652,15,17,108,420,684,19,735,636,78,781,372,99,565,1135,54,674,17,88,604,180,740,88,595,2
K00970,2187,926,60999,92201,6324,73755,105823,10154,139157,185324,314799,11071,33704,6977,9891,9281,74985,14757,28295,117995,75321,248,27828,219,64000,8140,94106,68014,8252,83527,35792,495,11627,79235,294781,551071,110842,65264,110798,7443,5347,32845,79073,65617,7258,65278,67545,32104,153506,120673,30878,60207,603905,27316,63142,7264,45789,64908,36481,62097,25001,143653,248
K00980,0,0,0,0,0,0,0,0,0,0,0,0,0,0,0,0,0,0,0,0,0,0,0,0,0,0,0,0,0,0,0,0,0,0,0,0,0,0,0,0,0,0,0,1,0,0,0,0,0,0,0,0,0,0,0,0,0,0,0,0,0,0,0
K00981,0,0,0,0,0,0,1,0,0,1,1,0,0,0,0,0,0,0,0,0,0,0,0,0,0,0,3,0,0,2,0,0,0,14,0,0,0,1,0,0,0,0,0,0,0,0,1,0,0,0,0,0,0,0,1,0,0,0,0,0,0,0,0
K00983,4,1,320,246,12,349,76,17,17,858,2350,16,62,11,18,29,445,23,43,788,453,1,66,0,325,13,53,391,7,54,78,38,8,138,558,4505,336,233,37,14,13,67,380,296,10,241,329,25,937,51,41,302,4109,20,219,13,61,347,100,361,28,687,4
K00984,0,0,121,134,11,181,78,12,237,302,1347,17,28,4,20,11,96,20,12,125,93,3,27,5,169,5,82,196,11,67,43,0,11,151,68,483,239,162,331,6,10,22,121,160,7,182,191,64,213,507,38,152,634,29,208,7,2,169,36,121,42,111,5
K01040,3,8,1790,1081,29,2495,698,70,1807,2488,7216,86,609,48,60,51,2580,97,474,2717,2609,12,560,21,1993,32,521,2306,49,382,722,0,95,3156,967,6674,1239,1921,1681,31,31,623,1668,2024,41,1977,2226,480,3290,1129,553,1735,6059,364,1769,12,169,1946,800,1836,412,3097,8
K01053,0,1,765,200,15,231,99,23,38,327,2399,30,190,15,18,32,490,45,137,317,455,0,238,0,291,10,65,519,18,66,229,0,47,1129,233,3126,204,423,36,14,14,177,186,472,23,473,473,154,445,31,135,881,2764,101,428,31,56,312,191,688,335,436,0
K01056,0,0,0,0,0,0,1,0,0,0,5,0,0,0,0,0,0,0,0,0,0,0,0,0,1,0,1,0,0,1,0,0,0,5,0,0,0,0,0,0,0,0,0,0,0,0,0,1,0,1,0,1,1,0,1,0,0,3,0,0,0,2,0
K01057,0,0,0,0,0,0,2,0,0,0,1,0,0,0,0,0,0,0,0,1,0,0,1,0,0,0,1,0,0,0,0,0,0,0,0,0,0,2,0,0,0,0,0,1,0,0,1,0,1,0,0,1,0,0,1,0,0,0,0,2,0,0,0
K02010,2438,895,96267,98960,8461,95792,81730,11224,119997,120892,359999,13752,35905,6989,10805,9095,107186,18006,30063,112916,108003,388,41792,407,77137,8751,70078,104515,8753,61745,54411,683,14546,162208,288579,555667,124354,95223,114661,7253,5904,49053,74900,100724,7152,95713,104621,35656,142919,128789,30954,94613,589909,32623,95191,7092,56350,77857,41356,94258,35892,135463,267
K02020,1742,476,44379,58006,3496,49892,40790,5483,48623,118913,291824,6886,21027,3424,5408,4545,46753,8018,17043,78293,47097,159,19964,118,42877,4435,35539,50501,4277,31842,26613,490,6945,61363,123554,552075,70684,43361,44327,3671,3078,23256,54563,44766,3517,42687,49973,18460,98078,46647,17507,44177,555387,15729,40749,3730,23611,43297,24313,42705,13963,89571,144
K02030,601,139,7474,11535,1478,8772,13103,1730,12216,29892,41860,2634,3052,1256,1721,1164,10282,3140,2863,12337,10349,60,3077,65,9691,1677,10781,8360,1567,8599,3586,428,2760,7896,103491,163054,15193,8049,9446,1260,1162,3152,8696,10455,962,8128,8384,3903,14752,20385,2550,7177,224940,4377,10436,856,18669,9635,4616,7207,4097,16258,36
K02040,336,66,5541,8633,600,9488,9064,965,4123,16003,30697,1258,2376,549,918,641,9197,1242,2592,12911,9286,14,2571,16,7031,711,7439,6436,751,6897,3189,23,1273,2138,52039,129877,10793,6382,2508,620,578,2977,8560,8067,541,6499,6368,3366,14314,9379,2367,5339,126182,3344,7723,546,9690,6973,3272,6567,1788,14272,10
K02060,62,16,1160,1456,96,1662,1175,158,738,786,4810,169,951,78,119,131,3327,234,760,1635,3278,3,844,12,962,90,821,1178,91,793,1170,70,223,1186,8345,9871,1496,1330,710,85,73,1035,1309,1502,76,1271,1211,815,2541,1439,774,1135,11656,629,1594,99,954,1000,933,1256,580,2276,2
K03008,0,0,25,51,0,2,65,0,0,205,64,0,9,0,6,20,0,1,3,119,2,1,4,0,0,2,97,11,0,47,8,0,0,27,102,28,41,33,5,0,4,2,24,3,10,36,3,4,201,4,2,29,13,2,12,3,33,0,92,36,349,361,0
K03010,1113,363,26381,35435,2307,34734,43501,3688,79030,104001,154828,4887,14938,2554,3678,3483,32096,5635,12636,53158,32309,103,14569,147,29564,2937,38402,29877,3116,34054,16630,562,4897,43269,155567,276623,41438,28338,62333,2853,2100,15082,34800,28640,2807,27475,29437,13907,72074,64732,13231,25959,306757,12358,27684,2635,22943,30234,16291,26801,11544,65346,114
K03013,47,43,1281,2990,137,939,3688,347,1342,6027,6129,242,361,307,339,528,1589,435,272,2735,1678,0,332,1,1128,244,3580,1349,217,3426,464,45,231,2402,9617,12868,3926,1225,1176,332,132,390,1385,1055,342,1279,1422,394,3182,2439,351,1284,13967,442,1068,373,1235,1081,1232,1308,2300,4398,14
K03015,0,3,101,189,3,9,442,20,0,499,207,7,11,7,41,43,9,26,1,350,1,0,27,0,5,3,454,32,24,306,32,0,6,77,305,99,214,90,7,27,15,8,78,32,38,78,15,5,418,51,4,80,64,38,46,28,58,4,182,118,588,911,0
K03018,1248,398,30687,39520,2441,35344,39964,3852,54815,86889,139445,4543,12340,2669,3811,3376,37861,5735,11228,53592,38673,188,11571,188,32781,3061,35632,34190,3202,31443,13966,105,4699,44409,115703,220639,47175,32225,44964,2604,2176,13148,35139,33664,2619,31990,33887,12310,69735,46367,11757,30059,237005,10509,31713,2682,18475,32716,13583,30161,8463,62639,166
K03020,725,300,21318,29995,2085,26033,35695,3163,46497,70225,118979,3825,11159,2201,3016,2967,24713,4695,9624,43314,24825,16,9804,30,24427,2597,32031,23832,2583,28712,12136,49,4279,28174,100497,187151,34871,22324,37136,2475,1717,11450,28082,23316,2429,22212,23692,10962,56365,42871,10363,20852,200128,9535,22306,2301,15546,25030,12114,21517,7377,51212,9
K03022,2,3,34,497,15,6,1045,94,1,247,220,15,31,60,71,172,2,76,32,466,4,0,53,0,10,52,1242,23,96,1210,83,1,19,110,1110,100,660,21,16,87,28,13,82,22,113,24,17,55,414,255,28,28,93,50,22,104,119,8,539,43,1780,1349,1
K03030,508,216,16768,20218,1487,19867,25326,2325,40525,57163,90318,2559,9232,1426,2200,2123,21274,3268,7698,28655,21422,90,8215,96,18116,1727,21709,19358,1968,18838,10163,161,2754,25991,73843,174328,23758,18198,33293,1722,1229,9294,19413,18078,1582,18330,19239,8748,38314,32279,8358,16830,185740,7093,18115,1559,11267,18489,9840,16654,6592,36043,67
K03040,5,1,721,652,6,59,1818,5,13,3712,1093,11,15,1,12,9,39,12,24,1817,21,2,79,0,77,1,2389,156,7,1036,37,7,15,388,204,509,797,577,60,6,6,32,650,250,3,568,174,36,2659,32,8,724,505,41,273,5,25,72,73,940,63,3541,3
K03050,3,14,498,848,36,300,1322,88,32,1634,2009,19,52,78,85,123,288,126,25,1480,291,4,65,6,225,60,1479,452,84,904,112,8,41,427,1168,337,1099,656,109,56,45,32,448,303,66,610,435,24,1661,169,13,466,250,43,263,82,141,214,343,605,956,2450,8
K03060,56,19,1216,1411,97,1146,1909,131,4272,5359,7203,205,870,80,87,152,1651,193,757,2127,1591,1,698,0,1370,114,1594,1487,105,1230,915,5,198,2945,7094,11383,1634,1234,3689,94,83,836,1203,1233,103,1264,1451,778,2925,2778,823,1234,13153,642,1239,91,1146,1316,779,1154,579,2558,2
K03070,646,251,18310,26420,1615,25160,29940,2651,41287,68805,121190,3347,9776,1715,2564,2331,24503,3749,7951,39307,24676,215,9568,239,21476,2100,26059,20907,2150,23149,12443,501,3403,22574,85346,272322,31844,19898,32069,1823,1462,10762,26615,21103,1863,19909,20271,8975,52631,33290,9118,18081,268489,7941,19829,1873,13544,21855,11008,19547,7038,47254,146
K03320,1,1,18,41,2,8,27,0,1,117,95,1,1,0,0,0,10,0,2,88,27,0,3,0,6,0,42,12,1,25,2,0,1,10,9,40,25,7,7,0,0,0,66,14,0,22,12,0,142,0,1,15,33,1,10,0,1,6,12,19,1,137,0
K03410,254,58,7557,7472,489,9421,6163,795,9220,20726,37161,1071,3396,468,799,556,9373,1243,2795,11782,9509,23,3663,42,7551,537,5349,8643,599,4756,4329,96,1079,10350,26084,58713,8635,8093,8039,541,484,3974,7697,7899,446,8141,8837,3403,15784,8253,3076,7548,61082,2535,7693,506,3832,7629,4350,7391,2605,13963,31
K03420,682,273,15966,23560,1851,18644,24424,2872,45656,45990,88248,2915,8532,1803,2768,2327,18604,4036,7198,30797,18768,128,6710,100,18379,2208,22060,18720,2242,20341,8517,152,3015,21157,78045,126733,28385,16863,34978,2064,1523,7576,20807,17895,1850,16875,18602,8384,40488,37142,7992,16132,138584,7260,17156,1973,12127,18978,9641,16309,6944,38599,116
K03430,185,54,4090,4028,351,4209,5200,453,16757,11517,18958,621,2079,326,471,402,4754,773,1812,5784,4791,9,2057,17,4255,359,4629,4818,414,4055,2307,134,557,8197,19226,37697,4627,4038,13495,344,276,2215,4053,4285,376,4027,4609,2017,7928,13701,2015,4089,42352,1713,4162,362,3059,4423,2414,3853,1682,7437,12
K03440,623,137,11334,13941,965,12529,18063,1617,26638,29716,56502,1640,5713,1084,1472,1343,12711,2310,4775,16972,12820,80,4892,92,10760,1226,15582,12240,1291,13410,5712,331,1694,17665,51613,96722,17118,11197,22045,1091,929,5405,12088,11409,1033,11385,12077,5613,22814,22593,5188,11224,109540,4318,10761,1104,7941,10952,5703,10937,3293,21146,68
K03450,0,0,25,3,0,0,1,0,0,46,3,0,0,0,0,0,3,0,0,4,1,1,2,1,6,0,1,1,0,2,0,0,0,0,1,4,0,14,0,0,0,0,2,7,0,12,3,0,11,0,0,38,0,0,7,0,0,1,13,127,0,15,0
K04010,2,0,48,68,2,24,131,2,3,453,103,1,3,5,1,2,25,3,2,138,21,0,7,2,19,2,155,30,1,85,7,2,3,87,46,36,42,43,11,1,1,9,65,24,4,39,32,6,257,2,3,45,59,1,27,1,9,19,2,50,4,275,5
K04011,9,5,480,482,18,616,391,22,516,1711,2820,43,302,11,32,9,582,54,168,1169,557,3,255,12,665,23,318,527,35,268,332,56,59,945,1303,5736,451,488,289,7,13,248,697,511,12,481,563,206,1262,247,230,502,5300,187,431,8,232,634,361,526,383,1424,6
K04012,0,0,28,43,0,4,114,2,0,257,84,0,1,0,0,0,1,2,0,100,3,0,9,0,5,1,139,11,1,44,2,0,0,23,32,14,61,24,5,0,0,6,45,13,0,35,21,0,153,2,0,31,14,2,12,0,2,8,12,44,2,179,0
K04013,0,0,4,3,0,2,4,0,0,27,2,0,0,0,0,0,0,1,0,1,1,0,0,0,0,0,11,3,0,8,0,0,0,5,0,0,3,4,0,0,0,0,3,1,0,1,0,0,4,0,0,6,0,0,0,0,0,2,0,4,1,5,0
K04020,55,2,690,197,8,111,345,17,126,1923,814,60,25,17,20,18,1384,40,19,311,1310,0,46,1,38,10,432,1134,15,198,37,2,60,1243,455,218,210,616,208,10,8,50,188,600,14,628,1095,15,555,37,5,667,667,11,480,8,158,37,115,521,92,663,0
K04060,0,0,3,0,0,5,0,0,0,0,1,0,0,0,0,0,2,0,0,0,4,0,0,0,5,0,0,2,0,1,0,0,0,0,1,0,0,3,0,0,0,0,0,1,0,0,8,1,1,0,0,4,0,0,2,0,0,2,0,3,0,0,0
K04062,0,0,2,3,0,3,0,0,0,10,6,0,0,0,0,0,1,0,0,3,0,0,0,0,1,0,1,1,0,1,0,0,0,1,0,0,2,0,0,0,0,0,0,1,0,4,0,0,8,0,0,3,0,0,0,0,0,2,0,1,0,6,0
K04064,0,0,65,6,0,8,9,0,0,52,55,1,0,0,1,0,327,1,0,55,250,0,0,0,3,1,14,81,0,12,0,0,0,12,2,2,7,29,1,0,0,1,4,19,1,30,75,0,40,0,0,53,0,0,44,0,0,5,0,50,2,46,0
K04066,452,182,8570,13684,1018,10925,11381,1599,12097,22299,38410,1562,4305,1029,1554,1347,10142,2295,3668,17175,10331,24,3490,18,8548,1100,10751,9424,1273,9147,4707,27,1647,10939,35948,47979,16768,9394,10864,1042,718,4252,11362,9724,1012,9126,9371,3986,22589,13134,3591,8391,51820,3594,9138,1083,5788,8477,4976,8847,3228,21042,29
K04070,76,16,1990,1425,107,1986,1853,162,4498,5508,8794,229,802,108,157,118,2867,181,605,2400,2787,74,849,52,2106,112,1529,2535,115,1415,1044,116,214,4205,6237,18218,1569,2045,3590,114,106,1004,1695,2085,100,2041,2564,743,3407,3116,674,1849,18814,632,2022,98,1026,2097,913,1846,617,2949,23
K04075,0,0,9,12,2,5,62,2,7,79,59,5,1,0,1,1,8,1,3,36,4,0,0,0,11,2,92,30,1,46,2,0,5,16,43,30,19,8,0,3,1,3,13,22,1,20,17,6,54,13,5,9,67,4,11,1,6,15,1,7,0,34,0
K04080,0,0,70,52,0,77,157,3,1,237,90,5,13,1,3,1,43,2,7,85,44,1,23,8,28,2,193,62,0,102,23,1,1,67,183,39,27,80,8,1,0,22,194,45,1,52,74,2,154,1,3,78,25,9,86,1,23,40,25,76,23,237,11
K04110,0,2,276,360,8,25,1120,13,0,2169,870,7,13,16,13,33,16,23,4,1461,15,1,13,0,22,12,1364,71,8,600,31,4,10,188,249,167,375,219,10,11,6,8,286,114,13,233,87,9,1569,17,9,260,103,21,138,18,18,40,81,366,193,1781,2
K04111,6,0,88,83,1,11,214,4,2,811,186,1,0,4,0,1,18,3,1,269,23,0,4,0,19,1,276,48,0,87,8,0,0,32,66,28,99,96,10,0,2,3,64,50,0,90,46,1,432,2,2,139,33,12,47,1,8,32,5,96,3,477,0
K04112,586,373,19269,28888,2152,24075,30866,3022,49301,62911,102770,3958,12430,2059,3007,2558,22873,4799,10137,36136,22736,66,9590,85,18973,2545,26246,21701,2487,22951,12115,193,3926,26188,89656,168163,35929,19692,39766,2137,1670,11017,26045,20309,2207,19350,21431,11104,47319,44041,11019,19110,181877,9249,19780,2080,14978,19106,11938,18941,6360,42399,61
K04113,281,20,2837,1583,147,1527,1331,143,6461,2303,8136,240,236,121,161,152,2175,333,301,1796,2099,0,369,0,3052,122,1348,3352,145,1007,399,3,273,3318,5797,5212,1962,2283,5328,137,84,354,1120,2574,128,2226,3207,415,2086,5314,287,2694,6412,429,2501,107,1520,3180,751,2001,542,1927,0
K04114,0,0,36,54,0,8,109,2,1,719,189,0,1,1,0,0,2,0,1,253,2,0,4,0,8,0,121,13,0,93,0,0,1,20,28,24,53,27,2,1,0,2,43,21,0,26,15,0,253,8,0,34,10,1,15,1,13,21,6,26,3,251,0
K04115,0,0,247,239,4,258,101,3,111,1231,1029,22,123,11,7,2,218,11,103,521,205,0,97,0,278,4,99,223,2,71,154,0,19,58,184,328,280,218,204,3,4,106,284,298,6,207,222,118,914,334,90,228,316,98,370,4,54,254,124,311,34,720,0
K04120,0,0,198,176,4,29,490,3,10,1286,309,1,4,1,4,1,25,7,0,434,18,0,15,1,23,4,624,61,4,336,15,0,0,212,97,126,193,113,14,2,0,4,196,84,3,125,65,4,676,16,2,175,131,10,73,1,14,22,9,169,6,867,0
K04122,201,78,8565,8706,581,8394,10207,966,19133,22365,40007,1120,4080,674,978,899,10017,1435,3166,11987,10246,26,3505,41,7984,735,9128,9867,820,8347,4591,742,1128,15038,22698,84458,10508,8349,15760,724,579,3958,7873,8614,738,8213,9575,3842,15830,13978,3541,8236,93213,3002,7870,761,3747,7870,4626,7896,3275,14811,34
K04130,0,0,16,2,0,0,49,0,0,66,8,0,0,0,0,0,2,0,0,25,5,0,1,0,0,0,60,7,0,33,0,0,0,19,0,5,2,10,0,0,0,0,6,4,0,7,4,0,58,0,0,13,3,1,7,0,0,0,1,19,0,54,0
K04140,0,0,33,46,0,8,109,0,12,316,107,0,1,0,0,1,5,0,1,203,7,0,2,0,2,0,155,7,0,56,2,0,3,26,19,10,76,40,27,1,0,3,29,19,0,31,14,0,246,29,1,16,12,1,11,0,3,5,7,46,1,281,0
K04141,56,23,803,2007,75,270,2919,215,5589,2464,2146,137,347,214,277,372,1146,302,365,2207,1060,4,237,2,281,200,3310,1075,203,2927,238,2,149,2988,6874,2471,2792,946,3777,233,98,215,899,806,256,981,1056,366,2733,3694,365,822,3542,399,652,270,905,302,729,781,1935,3809,2
K04142,158,29,2152,3273,262,1057,2499,347,552,6471,8931,401,736,214,356,268,708,562,625,3765,779,64,471,45,2624,248,2593,1780,400,1732,634,10,430,444,10508,8455,3830,2127,1126,258,189,394,2088,2516,205,2087,1798,848,4662,2027,690,2098,11190,662,2527,203,1569,2584,498,2374,437,5027,60
K04144,0,0,260,346,6,39,697,8,13,1632,621,9,16,5,15,9,61,12,16,825,77,0,29,0,65,5,856,100,8,403,16,0,11,231,188,243,470,228,20,12,6,24,282,138,6,219,97,16,1224,2,16,222,126,30,151,6,15,86,18,282,20,1457,1
K04145,1,1,188,296,2,18,505,9,0,1361,404,10,1,4,15,8,11,24,8,719,5,0,6,0,21,5,557,61,11,302,15,0,7,73,112,151,332,165,6,16,2,9,233,83,3,157,53,6,892,17,11,173,130,13,67,9,16,12,26,255,72,1190,0
K04146,286,107,10990,14905,774,13731,13305,1262,14662,26470,52147,1586,5658,807,1252,1080,10299,1819,5150,22558,10307,111,5144,107,11591,1017,12032,11443,1030,9985,6791,11,1635,11793,44783,55215,17762,11363,13238,911,732,6020,13889,11067,801,11571,11419,5779,27282,14407,5065,11060,68359,4885,10554,836,7844,11458,6398,11120,4125,25449,93
K04150,0,0,16,16,0,4,61,0,0,60,26,0,0,2,0,0,0,0,0,50,0,0,0,0,2,1,85,5,0,32,3,2,0,14,9,12,25,14,2,0,0,0,16,6,0,19,11,0,63,3,0,17,14,2,13,0,2,4,0,24,1,89,1
K04151,57,33,2575,4662,218,2904,4823,420,7391,11683,16858,528,422,343,422,358,2829,607,507,5792,2951,8,882,9,3770,413,4507,3232,345,3909,1035,39,518,3687,10610,29394,5492,2691,6436,330,245,958,3945,2845,267,2756,3034,641,6813,6844,260,2519,33924,803,2589,324,2040,3838,1035,2450,536,6505,13
K04210,0,0,41,18,0,7,75,0,3,173,80,0,0,0,0,0,80,2,0,69,69,0,9,0,77,0,138,36,1,71,4,0,0,9,36,61,11,45,14,0,1,4,28,20,0,33,25,11,88,240,10,29,121,1,31,0,3,77,5,42,6,96,0
K04260,0,0,59,131,0,61,94,10,12,574,599,5,6,6,10,9,23,10,7,133,24,0,13,0,12,3,82,103,9,67,16,0,7,12,355,502,157,79,7,8,4,15,81,58,10,89,69,8,154,43,7,63,890,13,49,5,41,11,15,87,9,175,0
K04270,0,0,0,3,0,2,8,0,0,32,2,0,0,0,0,0,0,0,0,3,1,0,0,0,1,0,17,0,0,3,0,0,0,6,3,3,2,2,6,2,0,0,6,1,0,2,0,0,20,0,0,1,1,0,1,0,2,5,0,3,0,13,0
K04310,0,0,42,63,1,18,133,3,2,389,126,0,1,2,1,3,16,5,1,158,19,1,9,1,25,0,189,25,0,86,2,2,0,72,12,18,50,36,5,4,0,3,72,32,0,45,29,8,223,2,2,58,16,2,19,3,0,26,1,90,4,268,0
K04320,0,0,0,9,0,2,17,0,0,20,15,0,0,0,0,0,0,0,0,14,2,0,2,0,3,0,20,1,0,18,0,1,0,15,3,2,5,0,2,0,0,0,13,1,0,2,6,0,25,0,0,0,0,0,1,0,0,2,0,3,0,47,0
K04330,1,0,37,17,0,7,57,0,1,131,49,0,0,0,0,0,12,0,0,56,4,0,3,0,21,0,35,25,1,26,0,0,0,26,6,25,13,30,0,0,1,0,8,18,0,48,31,0,75,3,2,45,22,0,24,0,0,25,1,31,2,110,0
K04340,0,0,20,22,1,43,62,4,0,375,138,1,0,0,0,1,8,3,0,124,5,0,2,0,12,3,87,14,1,52,5,1,1,57,8,14,48,21,7,0,2,0,21,19,0,16,12,3,165,3,3,14,24,5,12,0,2,8,3,16,1,150,0
K04350,0,0,6,0,0,8,5,0,0,23,0,0,0,0,0,0,0,0,0,0,0,0,0,0,3,0,10,3,0,9,0,0,0,8,0,2,0,3,0,0,0,1,1,2,0,3,7,0,2,0,0,2,0,0,5,0,0,3,1,4,0,9,0
K04360,0,0,11,6,0,17,16,0,0,43,5,0,0,0,0,0,10,1,0,15,9,0,0,1,6,0,38,22,0,28,1,0,1,43,0,5,8,8,1,0,0,1,4,10,0,18,32,0,27,0,0,5,8,0,13,0,1,10,0,22,3,25,1
K04370,0,0,0,0,0,0,0,0,0,0,0,0,0,0,0,0,0,0,0,0,0,0,0,0,0,0,0,0,0,0,0,0,0,0,0,0,0,0,0,0,0,0,0,0,0,0,0,0,0,0,0,0,0,0,1,0,0,0,0,0,0,0,0
K04380,0,0,1,0,0,0,3,0,0,1,0,0,0,0,0,0,0,0,0,0,2,0,0,0,3,0,6,3,0,3,0,0,0,2,0,0,1,4,0,0,0,0,0,1,0,0,0,0,1,0,0,4,0,0,2,0,0,2,0,6,0,4,0
K04390,0,0,1,0,0,0,0,0,0,2,1,0,0,0,0,0,0,0,0,0,0,0,0,0,0,0,1,0,0,2,0,0,1,0,0,0,1,0,0,0,0,0,0,0,0,0,0,0,2,0,0,0,0,0,0,0,0,0,0,1,0,4,0
K04510,0,2,255,807,37,91,309,57,9,1815,887,33,31,39,36,34,75,62,28,1054,61,1,33,0,205,53,484,183,44,252,34,0,52,208,192,345,936,285,37,29,23,24,536,547,26,293,175,12,1330,129,16,253,358,41,202,33,24,194,63,250,46,1174,0
K04512,0,0,2,0,0,3,0,0,0,0,0,0,0,0,0,0,1,0,0,3,1,0,0,0,8,0,1,0,0,2,0,0,0,7,1,0,0,6,0,0,0,0,1,1,0,1,3,0,2,0,0,1,0,0,1,0,0,0,1,1,0,6,0
K04514,0,0,4,1,0,9,2,0,0,9,1,0,0,0,0,0,6,0,0,0,5,1,0,0,5,0,5,9,0,8,1,1,0,21,0,0,0,3,1,0,0,0,1,12,0,5,10,0,5,0,0,6,0,0,5,0,0,6,0,4,1,7,0
K04520,0,0,67,51,2,12,81,0,0,536,105,0,0,2,2,4,9,2,0,173,14,0,2,0,16,4,160,15,0,77,0,0,0,55,19,16,43,60,0,1,0,0,35,34,3,47,27,0,269,37,1,47,14,1,22,0,3,11,4,57,6,302,0
K04530,0,0,77,116,0,19,157,1,0,806,162,0,1,0,0,0,18,0,1,241,17,0,10,0,21,1,220,31,1,123,7,0,1,96,38,47,92,71,18,1,0,12,157,56,0,49,43,6,346,4,0,61,23,16,36,0,0,17,2,86,4,498,1
K04540,0,0,106,231,0,31,407,0,0,1712,473,3,0,1,0,0,11,5,2,600,13,0,6,0,13,0,575,41,0,199,4,2,3,85,51,47,169,105,17,0,2,2,283,66,0,115,46,1,750,4,2,92,33,3,56,0,15,19,7,113,3,873,2
K04610,0,0,9,3,0,5,1,0,0,11,11,0,0,0,0,0,3,1,0,4,4,0,2,0,7,1,3,4,0,2,0,0,1,0,15,3,9,4,0,1,0,1,0,5,0,4,4,1,9,0,0,5,12,3,9,0,5,6,1,8,3,3,0
K04612,0,0,1,1,0,0,19,0,0,1,4,0,0,0,0,0,0,0,0,11,0,0,0,0,0,0,9,2,0,6,0,0,0,1,0,0,1,5,0,0,0,0,5,2,0,5,4,0,15,0,0,6,0,0,4,0,0,0,0,11,0,18,0
K04614,0,0,13,21,0,15,7,0,1,17,71,1,5,1,1,0,1,1,1,29,5,0,2,0,7,0,12,7,0,8,2,0,0,5,1,8,20,15,4,0,0,2,15,6,1,16,5,0,30,9,0,16,23,1,6,0,0,2,1,13,5,28,0
K04620,0,0,0,0,0,3,0,0,0,1,0,0,0,0,0,0,0,0,0,0,0,0,0,0,0,0,4,0,0,1,0,0,0,2,0,0,0,0,0,0,0,0,0,0,0,0,0,0,2,0,0,0,0,0,0,0,0,0,0,0,0,3,0
K04621,0,0,0,0,0,0,0,0,0,3,0,0,0,0,0,0,0,0,0,0,0,0,0,0,0,0,0,1,0,0,0,0,0,0,0,1,0,0,0,0,0,0,0,0,0,0,0,0,0,0,0,0,0,0,0,0,0,0,0,0,0,2,0
K04622,0,1,9,33,0,2,20,0,2,21,15,1,0,0,1,0,1,0,0,13,1,0,1,0,10,0,18,4,1,11,0,0,1,3,8,142,49,13,0,4,0,0,12,7,1,10,4,0,36,0,0,4,47,0,3,1,2,5,4,9,1,27,0
K04623,0,0,0,0,0,0,0,0,0,0,0,0,0,0,0,0,0,0,0,0,0,0,0,0,0,0,1,0,0,0,0,0,0,0,0,0,0,0,0,0,0,0,0,0,0,0,0,0,0,0,0,0,0,0,0,0,0,0,0,0,0,0,0
K04626,212,78,3255,5969,382,4366,6999,570,5866,9555,18604,757,1411,470,583,531,3781,940,1311,7910,3871,5,1280,4,3347,515,6339,3328,492,5650,1811,13,742,3140,15900,30234,7139,3433,5562,425,263,1647,5337,3366,411,3545,3228,1456,9765,6527,1280,3191,34325,1358,3051,408,2346,3323,1713,3228,1029,9374,2
K04630,0,0,11,2,0,30,4,0,0,8,4,0,0,0,1,0,12,2,2,12,9,0,0,0,4,0,12,6,0,5,0,1,1,6,0,2,4,19,1,1,0,0,5,5,0,18,6,0,16,0,0,15,1,1,11,0,0,1,1,19,1,7,0
K04640,0,0,0,0,0,0,0,0,0,0,0,0,0,0,0,0,0,0,0,0,0,0,0,0,0,0,0,0,0,0,0,0,0,0,0,0,0,0,0,0,0,0,0,0,0,0,0,0,0,0,0,0,0,0,1,0,0,0,0,1,0,0,0
K04650,0,0,0,0,0,0,0,0,0,0,0,0,0,0,0,0,0,0,0,0,1,0,0,0,0,0,0,0,0,0,0,0,0,0,0,0,0,0,0,0,0,0,0,0,0,0,0,0,0,0,0,0,0,0,0,0,0,0,0,0,0,0,0
K04660,0,0,0,0,0,0,0,0,0,0,0,0,0,0,0,0,0,0,0,0,0,0,0,0,0,0,0,2,0,0,0,0,0,0,0,0,0,0,0,0,0,0,0,0,0,0,0,0,0,0,0,0,0,0,0,0,0,0,0,0,0,0,0
K04662,0,0,0,0,0,0,0,0,0,0,1,0,0,0,0,0,0,0,0,0,0,0,0,0,0,0,0,0,0,0,0,0,0,0,0,0,0,0,0,0,0,0,0,0,0,0,0,0,0,0,0,0,0,0,0,0,0,0,0,0,0,0,0
K04666,0,0,3,5,0,1,4,0,0,4,4,0,0,0,0,0,2,0,0,2,0,0,0,0,2,0,0,1,0,0,0,0,0,1,1,0,0,1,1,0,0,0,2,6,0,3,6,0,12,0,0,4,0,0,2,0,1,0,0,4,0,9,0
K04670,0,0,0,0,0,0,0,0,0,5,0,0,0,0,0,0,4,0,1,0,2,0,1,0,1,0,2,0,0,0,0,0,0,8,0,0,2,2,0,0,0,0,0,1,0,0,0,0,0,0,0,0,1,0,3,0,0,0,0,2,0,3,0
K04672,0,0,0,0,0,1,0,0,0,0,0,0,0,0,0,0,1,0,0,0,0,0,0,0,0,0,0,0,0,0,0,0,0,0,0,0,0,0,0,0,0,0,0,1,0,0,0,0,0,0,0,0,0,0,0,0,0,1,0,0,0,0,0
K04710,0,0,4,2,1,4,0,1,2,7,4,1,1,2,1,1,2,1,2,13,2,0,0,0,6,0,8,3,0,12,2,0,0,0,0,7,4,7,2,1,1,0,3,9,0,3,3,0,13,1,4,8,0,7,2,1,0,7,0,7,0,44,0
K04711,0,0,0,0,0,0,0,0,0,2,1,0,0,0,0,0,0,0,0,1,0,0,0,0,0,0,2,0,0,2,0,0,0,12,0,1,0,0,0,0,0,0,0,2,0,2,0,0,1,0,0,1,0,0,0,0,0,0,0,0,0,4,0
K04712,0,0,7,4,0,3,4,0,4,0,20,1,14,0,1,0,23,1,4,23,16,0,1,0,2,1,19,11,0,2,8,0,0,1,1,9,5,8,2,0,0,5,20,14,0,9,5,8,25,0,6,9,8,1,10,0,7,6,8,2,2,32,0
K04722,0,0,4,1,0,2,8,3,0,3,1,0,0,0,0,0,2,2,0,0,1,0,0,0,3,0,7,0,0,10,0,0,1,2,0,0,0,2,0,0,0,0,0,1,0,0,0,0,1,0,0,0,0,0,0,0,19,0,0,1,0,2,0
K04723,0,0,0,0,0,1,1,0,0,1,0,0,0,0,0,0,0,0,0,1,0,0,0,0,0,0,0,0,0,0,0,0,0,7,0,0,0,0,0,0,0,0,0,0,0,0,1,0,2,0,0,0,0,0,0,0,0,0,0,0,0,0,0
K04730,0,0,1,0,0,0,0,0,0,2,0,0,0,0,0,0,0,0,0,0,0,0,0,0,0,0,0,0,0,0,0,0,0,0,0,0,0,0,0,0,0,0,0,0,0,0,0,0,0,0,0,0,0,0,0,0,0,0,0,0,0,0,0
K04740,0,0,0,0,0,1,0,0,3,20,8,0,0,0,0,0,0,0,0,3,4,0,0,0,0,0,0,3,0,1,0,0,0,0,2,12,1,3,2,0,0,0,3,5,0,2,0,1,4,2,0,3,14,0,1,0,0,0,1,3,1,12,0
K04742,0,0,0,0,0,3,1,0,0,2,0,0,0,0,0,0,0,0,0,0,2,0,0,0,0,0,1,0,0,1,0,0,0,0,0,0,0,0,0,0,0,0,0,0,0,1,1,0,2,0,0,1,1,0,2,0,0,0,0,1,0,3,0
K04744,0,0,10,3,0,5,8,0,0,24,3,0,0,0,0,0,1,0,0,5,3,0,0,0,0,0,4,1,0,3,1,0,0,0,16,3,6,2,1,1,0,0,6,1,0,2,0,0,17,0,0,3,1,0,4,0,2,0,2,10,1,8,0
K04745,0,0,3,6,0,0,12,0,0,32,5,0,0,0,0,0,0,0,1,6,0,0,3,0,0,0,52,0,0,18,0,0,0,35,0,1,2,1,1,0,0,1,8,3,0,4,1,1,22,0,0,4,0,1,1,0,0,1,0,5,2,30,0
K04810,0,0,56,186,0,35,65,0,1,333,70,2,0,0,0,0,12,0,9,117,8,0,4,0,21,0,93,13,1,41,0,0,0,79,27,19,147,45,0,0,2,2,85,33,0,51,15,4,244,0,3,54,9,0,29,1,11,11,0,51,7,190,0
K04910,3,2,591,202,38,404,47,30,69,294,744,26,40,24,27,26,890,68,26,168,890,0,79,0,348,45,41,924,33,38,47,0,21,1719,262,1597,232,458,271,36,19,76,150,743,10,455,891,8,248,133,28,557,1529,24,603,21,50,451,31,415,18,165,0
K04912,0,0,0,0,0,0,0,0,0,0,0,0,0,0,0,0,0,0,0,0,0,0,0,0,0,0,1,0,0,0,0,0,0,2,0,0,0,0,0,0,0,0,0,0,0,0,0,0,0,0,0,0,0,0,1,0,0,0,0,0,0,0,0
K04920,0,0,2,0,0,0,4,0,0,9,4,0,0,0,0,0,0,0,0,0,0,0,0,0,0,0,20,0,0,6,0,0,0,0,0,1,0,0,0,0,0,0,0,0,0,0,0,0,1,0,0,0,0,0,0,0,0,2,0,2,0,3,0
K04930,0,0,2,1,0,0,1,0,0,1,1,0,0,0,1,0,0,0,0,2,1,0,0,0,1,0,1,1,0,2,0,0,0,0,0,0,1,4,0,0,0,0,5,0,0,2,4,0,0,0,0,0,0,0,0,0,0,1,0,1,0,6,0
K04940,0,2,224,325,9,85,373,14,0,29,97,19,25,12,31,11,80,24,19,145,37,4,9,0,89,18,271,163,13,198,21,0,25,92,472,381,379,154,0,12,11,9,189,191,16,193,137,25,194,8,13,210,1237,23,200,12,133,102,12,252,42,191,3
K04950,0,0,0,0,0,3,0,0,0,9,3,0,0,0,0,0,0,0,0,4,5,0,1,0,2,0,1,0,0,3,0,0,0,0,0,0,3,4,0,0,0,0,4,2,0,3,0,0,7,0,0,2,1,0,0,0,0,3,0,0,0,18,0
K04960,0,0,0,0,0,2,0,0,0,0,0,0,0,0,0,0,0,0,0,0,0,0,0,0,0,0,0,1,0,0,0,0,0,0,0,0,0,1,0,0,0,0,0,0,0,0,0,0,0,0,0,2,0,0,0,0,0,0,0,0,0,0,0
K04962,0,0,160,41,10,48,86,7,36,195,260,20,19,4,7,9,10,15,12,116,25,0,16,0,155,5,135,76,8,105,14,0,8,136,209,299,67,102,77,3,4,10,35,92,11,102,63,36,130,212,20,185,125,24,82,8,99,138,65,126,44,177,0
K04964,0,0,0,2,0,0,1,0,0,4,1,0,0,0,0,0,0,0,0,2,0,0,0,0,0,0,2,0,0,4,0,0,0,4,0,0,4,0,0,0,0,0,1,0,0,0,0,0,1,0,0,2,0,0,0,0,0,0,0,0,0,6,0
K04966,0,0,2,0,0,0,1,0,0,3,0,0,0,0,0,0,0,0,0,0,0,0,0,0,0,0,0,0,0,1,1,0,0,0,0,1,0,2,0,0,0,0,0,1,0,5,1,0,4,0,0,1,0,0,0,0,0,0,0,1,0,2,0
K04970,0,0,5,2,0,5,0,0,0,5,0,0,0,0,0,0,4,0,0,2,0,0,0,0,2,0,0,1,0,0,0,0,0,2,0,0,0,1,0,0,0,0,0,0,0,1,1,0,5,0,0,1,0,0,0,0,0,2,1,2,0,6,0
K04971,0,0,0,0,0,5,0,0,0,2,1,0,0,0,0,0,4,0,0,0,3,0,0,0,0,0,0,3,0,0,0,0,0,0,0,0,0,3,0,0,0,0,0,4,0,0,2,0,2,0,0,1,0,0,2,0,0,2,0,1,0,4,0
K04972,0,1,20,9,0,5,6,2,0,87,42,1,0,2,0,0,1,4,0,45,1,0,0,0,6,2,17,2,1,1,0,0,1,5,5,11,13,16,1,0,0,1,6,12,0,20,6,2,46,1,0,10,9,1,10,1,0,8,1,28,0,63,2
K04973,0,0,0,4,0,1,2,0,0,3,9,0,3,0,0,0,3,0,0,7,2,0,3,0,2,0,2,6,0,4,9,0,0,0,4,2,2,8,0,1,0,1,5,12,0,1,6,2,20,0,1,2,0,0,4,0,0,3,0,1,8,18,0
K04974,51,5,521,577,25,746,470,47,493,4161,3598,69,357,42,41,42,671,97,407,1103,660,4,234,10,696,31,496,533,30,341,357,0,80,221,1970,2976,623,661,437,41,35,281,786,615,28,610,526,459,1757,366,519,495,3136,252,616,33,179,720,418,470,226,1602,0
K04975,0,0,8,15,0,0,2,0,0,15,3,0,0,0,0,0,2,0,0,7,2,0,0,0,1,0,3,3,0,0,1,0,0,5,0,1,7,8,0,0,0,0,4,4,0,9,5,0,16,2,0,9,1,0,2,0,2,1,0,11,0,20,0
K04976,0,0,0,0,0,1,0,0,0,7,19,0,0,0,0,0,4,0,2,3,5,0,0,0,2,0,2,2,0,0,0,0,0,6,1,2,0,0,0,0,0,0,1,2,0,4,2,0,4,0,0,1,2,2,5,0,1,1,0,0,0,4,0
K05010,6,6,507,1043,17,321,950,42,179,10712,2194,37,153,28,41,21,244,69,133,2410,291,6,165,3,211,30,1063,360,27,453,238,6,74,345,454,1234,961,470,214,26,30,217,1173,401,23,451,334,169,3337,388,136,463,1236,147,304,24,89,202,218,591,109,3143,6
K05012,10,0,26,141,1,26,236,2,19,1118,246,2,11,2,1,6,21,2,10,301,36,0,20,0,13,2,234,9,4,82,5,0,3,95,122,92,146,37,9,1,2,8,105,26,7,22,12,11,422,11,10,26,148,14,18,3,12,14,9,39,9,474,0
K05014,0,0,31,13,1,7,10,0,2,19,7,0,2,1,1,0,8,5,0,25,3,0,0,0,5,1,20,16,3,19,0,0,2,8,11,0,16,17,0,2,0,0,17,21,3,21,10,1,48,2,0,42,0,1,8,2,0,4,2,22,0,25,0
K05016,1,0,103,149,0,8,277,0,9,1087,295,0,3,0,0,0,8,1,1,425,6,0,5,0,16,1,279,15,0,139,6,0,0,93,28,31,135,103,13,0,1,4,133,68,1,118,13,3,620,8,8,81,36,14,74,0,4,12,11,140,8,974,0
K05020,0,0,5,5,0,0,38,0,0,16,11,0,0,0,0,0,0,0,0,28,0,0,3,0,0,0,24,0,0,14,2,0,0,4,2,3,3,3,0,0,0,2,6,0,0,5,1,2,29,0,0,4,0,0,2,0,0,0,1,9,0,26,0
K05030,12,4,393,386,33,748,411,49,416,249,1712,69,104,32,44,34,588,63,154,601,528,0,267,2,406,41,441,651,40,328,296,2,44,630,941,1024,524,543,377,33,22,186,301,591,27,560,617,184,636,903,165,430,1297,138,510,37,177,369,164,478,101,592,1
K05032,0,0,190,67,4,51,38,11,1247,114,365,14,4,7,6,9,65,31,17,95,67,1,7,0,139,4,50,186,8,30,17,0,21,558,93,401,76,123,1040,8,7,12,64,124,9,113,176,13,122,606,23,168,386,6,126,6,69,150,34,107,26,117,4
K05034,0,0,10,13,1,0,10,0,0,24,24,0,0,1,1,0,0,1,0,30,0,0,0,0,0,1,7,2,0,5,1,0,0,21,23,4,14,7,1,0,1,0,6,10,0,9,6,1,18,0,0,11,4,1,9,1,2,1,1,10,1,6,0
K05100,0,0,2,9,1,5,25,3,0,9,19,1,2,0,2,2,2,3,2,8,4,0,2,0,9,1,107,9,3,90,1,0,1,2,2,0,8,3,0,2,1,2,7,0,2,4,8,1,6,0,0,0,3,1,16,1,1,7,3,1,2,7,0
K05110,1,1,30,31,3,68,40,8,0,152,596,7,22,6,2,2,19,5,17,69,28,0,10,0,46,6,108,34,6,31,5,0,2,15,205,1956,73,32,5,5,4,10,31,39,2,28,37,33,98,1,19,20,866,41,40,1,30,64,9,68,37,118,0
K05111,27,4,1276,303,21,484,482,40,1435,1544,1465,89,63,16,38,17,2837,66,45,678,2751,0,118,0,1006,33,415,1888,14,342,106,0,103,5926,952,6712,308,1163,1401,23,19,115,422,1173,38,1235,1862,34,871,617,31,1292,6109,48,1092,21,328,1097,180,1018,214,882,0
K05120,20,5,2150,1269,59,2002,1903,103,1679,7676,9022,241,233,40,99,83,1774,153,231,2165,1919,9,464,9,1974,42,1717,2937,62,1234,629,33,224,2766,6959,37063,1421,1942,1414,44,56,553,1426,2497,52,1955,3051,292,2450,1575,156,2092,38827,280,2012,57,1202,1941,317,1917,464,2186,1
K05130,0,0,2,3,0,2,2,0,0,15,7,1,0,0,0,0,0,0,0,2,1,0,0,0,0,0,0,3,0,1,0,0,0,0,2,2,2,3,0,0,0,0,4,4,0,3,0,0,12,0,0,3,2,0,0,0,1,1,0,5,0,11,0
K05131,0,0,0,0,0,0,0,0,0,0,0,0,0,0,0,0,0,0,0,0,0,0,0,0,0,0,0,0,0,0,0,0,0,0,0,0,0,0,0,0,0,0,0,0,0,0,0,0,2,0,0,0,0,0,0,0,0,0,0,0,0,0,0
K05132,3,11,269,427,29,185,756,52,206,113,960,56,42,24,42,18,100,75,28,462,115,0,77,3,260,42,628,362,30,487,88,35,80,143,3073,1436,478,269,304,22,26,82,291,450,30,260,370,20,429,372,27,259,2574,59,339,22,299,260,120,240,49,377,2
K05133,0,0,3,21,1,1,0,0,0,8,0,0,0,0,0,0,0,0,1,25,7,0,1,0,0,1,2,3,0,3,0,0,1,0,11,7,10,5,0,0,1,0,29,24,1,5,1,1,46,9,1,1,0,0,1,1,6,16,0,17,1,19,0
K05134,28,20,3436,5055,304,4076,3761,427,6856,7946,16374,578,1865,252,404,385,3673,657,1600,6661,3694,13,1361,25,3969,391,3462,3478,369,2925,1976,0,502,3449,7695,20904,6381,3671,5679,321,254,1742,4686,3555,321,3541,3506,1941,8949,5579,1666,3403,21895,1689,3420,299,1452,3971,2026,3554,1396,7909,20
K05140,0,0,2,4,0,0,0,0,0,6,3,0,0,0,0,0,0,0,0,1,0,0,0,0,0,0,0,1,0,1,0,0,0,0,0,2,1,2,0,0,0,0,1,2,0,1,0,1,1,2,0,0,0,0,2,0,0,0,0,0,0,2,0
K05142,7,4,732,817,53,1313,1052,42,1536,2469,4681,146,694,42,69,56,761,119,438,1803,768,0,487,0,586,49,910,976,36,616,687,0,129,476,1928,3483,912,816,1232,43,28,610,1235,665,49,819,974,527,2613,1205,422,795,3004,416,811,30,287,626,572,859,139,1768,0
K05143,0,1,46,101,8,173,79,7,183,75,606,3,4,5,9,12,13,16,2,134,18,0,7,0,37,10,57,80,8,65,16,0,7,50,185,372,111,42,311,9,6,7,55,57,12,63,88,3,155,932,1,72,426,5,32,8,35,14,7,85,9,100,0
K05144,0,0,7,10,0,5,6,0,0,21,3,1,0,0,0,0,0,1,0,4,1,0,1,0,2,0,20,9,0,23,1,0,0,0,20,0,13,2,0,0,0,0,13,3,0,3,10,0,18,0,0,10,5,0,6,0,1,2,0,4,0,15,0
K05145,0,0,4,10,0,0,104,0,0,279,102,0,0,0,0,0,0,0,4,179,0,0,0,0,0,0,65,5,0,13,3,0,0,0,4,1,12,18,3,0,0,0,13,20,0,26,6,1,145,0,0,6,0,4,8,0,1,0,0,23,1,114,0
K05146,19,5,290,336,52,607,612,55,1068,550,2423,49,80,44,76,77,237,90,67,281,235,0,69,0,326,35,604,263,48,525,98,0,47,951,1175,1519,339,299,974,37,27,57,199,275,55,300,275,68,350,928,81,300,1681,82,306,81,160,338,180,283,232,461,0
K05150,0,0,120,50,5,79,14,1,9,49,643,5,2,4,4,6,9,3,0,22,9,0,45,0,387,3,9,186,2,9,25,0,3,634,294,113,43,117,44,0,2,57,57,76,2,132,181,5,37,59,10,131,2225,9,104,1,15,406,39,101,14,30,0
K05152,0,0,54,5,2,5,14,0,5,51,285,2,74,2,2,1,24,1,67,21,18,0,45,0,74,0,12,26,1,3,52,0,3,94,29,315,6,30,20,1,0,53,8,10,0,44,19,88,40,3,97,44,203,35,19,0,14,83,64,27,47,69,0
K05160,0,0,2,0,0,0,0,0,0,6,2,0,0,0,0,0,1,0,0,0,0,0,0,0,2,0,1,0,0,1,0,0,0,8,0,0,0,0,0,0,0,0,0,0,0,3,0,0,1,0,0,2,0,0,0,0,0,3,0,0,0,0,0
K05161,0,0,0,0,0,0,0,0,0,0,0,0,0,0,0,0,0,0,0,0,0,0,0,0,0,0,0,0,0,0,0,0,0,0,3,0,1,0,0,0,0,0,0,0,0,0,0,0,0,3,0,0,0,0,0,0,0,0,0,1,0,0,0
K05162,0,0,0,0,0,0,0,0,0,2,0,0,0,0,0,0,0,0,0,0,1,0,0,0,1,0,0,0,0,0,0,0,0,0,0,0,0,2,0,0,0,0,0,0,0,0,0,0,0,0,0,0,0,0,0,0,0,0,0,0,0,0,0
K05164,0,0,5,0,0,0,23,0,0,4,0,0,0,0,0,0,1,0,0,18,1,0,0,0,2,0,27,0,0,14,0,0,0,3,1,1,1,1,0,0,0,0,0,2,0,8,0,0,13,0,0,4,2,0,4,0,0,1,0,3,0,28,0
K05166,0,0,0,1,0,0,0,0,0,0,1,0,0,0,0,0,1,0,0,0,0,0,0,0,0,0,1,1,0,0,0,0,0,0,0,0,0,0,0,0,0,0,0,0,0,0,1,0,2,0,0,0,0,0,1,0,0,0,0,0,0,3,0
K05168,0,0,3,0,0,0,0,0,0,3,3,0,0,0,1,0,0,0,0,0,1,0,0,0,2,0,1,0,0,0,0,0,0,8,0,0,0,6,0,0,0,0,3,1,0,6,0,1,2,0,0,0,1,0,4,0,0,1,0,2,0,3,0
K05169,0,0,3,0,0,0,0,0,0,8,2,0,0,0,0,0,2,0,0,2,0,0,0,0,1,1,0,4,0,0,0,0,0,2,0,1,0,0,0,0,0,0,0,7,0,2,0,0,2,0,0,1,0,0,0,0,0,0,0,0,0,1,0
K05200,63,24,2177,2807,168,2696,1641,265,1197,5551,9454,367,1005,159,204,177,2791,396,1019,4584,2762,68,919,45,3043,190,1472,2256,191,1232,1206,2,345,3279,5883,4549,3028,2539,1344,161,145,1023,3135,2596,182,2513,2190,1079,6009,1446,965,2141,4837,903,2431,153,1011,3092,1239,2258,666,5182,39
K05202,0,0,54,82,0,8,227,0,0,230,168,0,0,1,1,0,2,0,0,130,4,1,8,1,0,0,339,13,0,244,2,9,0,49,19,22,50,24,0,0,0,1,115,90,0,26,11,3,139,6,0,49,19,3,5,0,0,5,1,64,11,196,1
K05203,96,11,2201,2411,133,2273,2807,247,6246,6620,9732,337,823,128,202,208,2929,331,741,3009,2924,26,890,19,2557,148,2662,2325,152,2388,956,6,301,4385,7779,16585,2638,2473,4576,141,124,933,2371,2187,166,2332,2354,816,4054,4307,743,2126,18491,638,2304,132,1336,2489,901,2064,719,3875,10
K05204,45,4,3783,1531,52,3717,793,87,650,2253,14737,255,1156,61,105,32,5263,152,850,6200,5511,22,1615,50,2514,64,636,4358,52,465,2052,9,278,5569,1271,12580,1051,3438,776,32,65,1948,3625,3692,63,3493,4115,948,7052,281,949,3677,10079,752,3359,24,505,2575,1426,3788,477,5977,32
K05211,0,0,0,0,0,0,0,0,0,3,0,0,0,0,0,0,0,0,0,0,0,0,0,0,1,0,0,0,0,0,0,0,0,1,0,0,0,0,0,0,0,0,0,0,0,0,0,0,0,0,0,4,0,0,0,0,0,1,0,0,0,0,0
K05215,0,0,0,8,3,1,0,0,0,1,9,0,1,1,0,0,0,1,0,3,0,0,0,0,0,1,1,0,0,1,0,0,0,0,1,113,4,1,0,1,1,0,4,0,0,2,1,0,3,1,0,2,104,0,0,0,0,0,0,0,0,2,0
K05219,2,1,431,302,25,790,389,38,107,288,2564,21,117,26,40,40,321,43,85,395,338,2,201,0,338,18,297,452,26,282,244,1,37,175,823,1181,410,397,139,25,25,232,245,445,30,380,451,112,490,354,112,383,1376,128,429,44,142,347,226,402,134,470,0
K05220,0,0,0,0,0,1,0,0,0,0,0,0,0,0,0,0,0,0,0,0,0,0,0,0,0,0,0,0,0,0,0,0,0,0,0,0,0,0,0,0,0,0,0,0,0,0,0,0,0,0,0,1,0,0,0,0,0,0,0,0,0,0,0
K05221,0,0,0,0,0,1,3,0,0,4,0,0,0,0,0,0,0,0,0,0,0,0,0,0,1,0,0,0,0,0,0,0,0,0,0,0,0,0,0,0,0,0,0,0,0,0,2,0,0,0,0,0,0,0,0,0,0,0,0,0,0,0,0
K05222,0,0,1,1,0,1,11,0,0,5,2,0,0,0,0,0,0,0,0,6,1,0,0,0,3,0,6,4,1,3,0,0,0,0,0,6,2,2,0,0,0,0,1,1,0,5,4,0,5,0,0,1,4,0,1,0,0,2,0,2,0,11,0
K05310,0,0,1,1,0,2,0,0,0,0,5,0,0,0,0,0,25,0,0,9,0,0,0,0,4,0,0,12,0,0,0,0,0,0,0,1,0,2,0,0,0,0,6,2,0,0,11,0,9,0,0,1,0,0,0,0,0,1,0,7,0,5,0
K05320,0,0,0,0,0,0,0,0,0,1,0,0,0,0,0,0,0,0,0,0,0,0,0,0,0,0,0,0,0,0,1,0,0,0,0,0,0,0,0,0,0,0,0,0,0,0,0,0,1,0,0,1,0,0,0,0,0,0,0,0,0,2,0
K05322,5,0,158,511,9,177,156,11,11,212,717,15,3,5,15,7,22,15,2,195,28,0,20,0,159,9,298,134,11,184,11,1,14,27,70,397,173,124,11,9,1,9,750,201,11,130,128,8,211,24,2,172,320,1,205,3,12,174,11,162,10,234,0
K05323,0,0,3,0,0,11,0,0,0,4,4,0,0,0,0,0,0,0,0,0,0,0,0,0,0,0,0,0,0,0,0,0,0,0,6,1,3,0,0,0,0,0,1,1,0,3,0,0,6,0,0,2,0,0,0,0,0,0,0,0,0,7,0
K05340,1,0,928,487,59,982,677,44,2761,690,2672,59,428,51,56,45,1816,93,424,606,1974,0,271,0,1069,55,577,1006,48,446,321,1,67,1300,1199,3004,522,851,1747,36,28,341,385,758,20,816,968,467,892,1701,549,934,2704,340,736,27,368,1076,327,727,236,880,1
K05410,0,1,166,115,5,461,18,1,15,190,2001,10,37,1,10,1,425,1,24,483,428,0,19,0,140,2,48,166,3,10,17,0,23,27,17,1202,90,145,4,0,0,10,226,165,2,176,155,3,531,39,32,157,698,9,149,4,2,156,50,187,23,288,0
K05412,0,0,0,0,0,0,0,0,0,0,0,0,0,0,0,0,1,0,0,0,3,0,0,0,2,0,0,0,0,0,0,0,0,0,0,0,0,0,0,0,0,0,0,0,0,0,1,0,0,0,0,1,0,0,0,0,0,0,0,4,0,0,0
