ID,K00311,K00785,K00908,K00511,K04141,K00361,K00510,K01040,K02060,K00196,K00362,K00071,K03060,K04113,K03013,K05200,K04142,K00633,K04070,K00940,K05204,K00380,K05203,K00640,K00906,K00140,K05120,K00750,K00590,K00780,K00281,K00450,K00195,K00650,K05134,K04151,K00790,K04626,K00350,K00740,K03430,K00720,K00561,K00730,K00564,K00670,K00052,K00920,K00770,K00040,K00310,K00480,K00130,K03410,K00360,K04066,K00540,K04122,K00521,K02040,K00910,K00680,K00900,K04146,K00051,K00760,K03440,K00061,K00630,K00340,K00520,K02030,K00400,K00550,K00240,K00300,K00500,K00030,K00020,K03420,K00290,K03030,K04112,K00620,K00330,K03020,K03070,K00010,K00280,K00270,K00860,K03018,K03010,K00230,K00260,K00190,K00250,K02020,K00970,K02010
ADM3_R1_q25,42,55,14,15,57,10,26,4,63,178,19,15,57,282,48,64,159,9,77,235,46,47,97,79,128,123,21,73,80,14,19,139,169,58,29,58,77,213,80,138,186,191,221,104,118,366,236,120,179,469,187,107,307,255,155,453,183,202,333,337,217,519,485,287,496,463,624,505,203,268,415,602,553,304,581,455,707,562,408,683,877,509,587,938,780,726,647,944,249,1057,954,1249,1114,1276,1072,1349,1322,1743,2188,2439
SSD4_S18_L001_R1_001,4,5,9,34,24,5,15,9,17,9,8,6,20,21,44,25,30,26,17,49,5,29,12,26,14,34,6,30,20,11,22,23,8,28,21,34,40,79,64,50,55,66,66,36,35,59,126,94,68,126,69,31,39,59,65,183,37,79,138,67,24,279,96,108,141,157,138,135,117,135,179,140,128,66,162,167,202,173,187,274,279,217,374,365,184,301,252,427,268,290,153,399,364,440,460,576,576,477,927,896
M1_2,1017,736,716,1491,804,2058,1692,1791,1161,3327,1595,1236,1217,2838,1282,2178,2153,848,1991,2293,3784,2293,2202,1632,3826,4219,2151,2431,3475,2446,3902,2985,7199,2883,3437,2576,3076,3256,5454,4037,4091,3796,5854,5106,5121,5102,6961,6875,7307,8253,7660,8896,8525,7558,7943,8571,5536,8566,8717,5542,6109,7427,9522,10991,10685,12078,11335,12161,15972,12452,12503,7475,14013,11384,14113,16117,18545,17285,15193,15967,21972,16769,19270,21886,27136,21319,18311,23261,29761,24988,32321,30688,26382,33913,44524,44103,46288,44380,61000,96268
DEVA_BWPP7_M,847,595,653,2564,2008,685,1235,1082,1457,233,1862,859,1412,1584,2991,2808,3274,3083,1426,2487,1532,2633,2412,2917,1596,5420,1270,3046,3079,2371,4437,3862,1360,4422,5056,4663,2933,5970,5136,4906,4029,6579,5340,5127,4626,6381,9266,9671,6587,10669,8672,6263,5886,7473,10978,13685,6850,8707,12244,8634,7636,22729,9908,14906,14070,13046,13942,13097,15078,14953,14841,11536,13300,11734,16914,20235,25225,20168,26383,23561,27294,20219,28889,29981,21978,29996,26421,37830,34298,34398,22434,39521,35436,44509,52268,54792,66911,58007,92202,98961
SSD7_S5_L001_R1_001,91,37,58,301,76,33,159,30,97,28,48,22,98,148,138,169,263,145,108,364,53,144,134,140,110,235,60,183,167,155,210,220,50,258,305,219,193,383,317,267,352,392,481,337,258,363,1129,484,405,1071,444,252,258,490,579,1019,411,582,866,601,404,1989,654,775,1048,981,966,803,875,947,1219,1479,953,815,1132,1286,1850,1558,1602,1852,1969,1488,2153,2008,1530,2086,1616,2833,2023,2286,1452,2442,2308,2801,3498,3975,4323,3497,6325,8462
M9_2,1080,917,906,562,271,2170,1140,2496,1663,921,2082,2048,1147,1528,940,2697,1058,659,1987,1513,3718,2443,2274,2843,3247,1754,2003,3364,3961,3035,4769,3011,1935,4957,4077,2905,3150,4367,7112,4653,4210,4765,6048,5477,6474,6683,5456,7331,7851,6177,10958,10221,8283,9422,11017,10926,7526,8395,8230,9489,5636,7182,10949,13732,9772,13575,12530,15580,15405,17343,13205,8773,15679,15245,17135,18833,11473,16841,17730,18645,20749,19868,24076,25391,29934,26034,25161,27707,41581,29029,27331,35345,34735,44476,52149,51151,56597,49893,73756,95793
G5088,669,1076,965,1525,2920,216,1160,699,1176,867,948,594,1910,1332,3689,1642,2500,1072,1854,2107,794,2489,2808,2379,2082,1308,1904,3628,2976,2388,3422,3177,1908,4762,3762,4824,4158,7000,4333,6947,5201,7464,5973,6018,5239,7003,8922,7305,7830,10415,9493,6237,5514,6164,11139,11382,7106,10208,12534,9065,3796,20631,11358,13306,14194,14215,18064,13653,14138,17856,18327,13104,15290,12570,21570,18870,22837,19070,25538,24425,25954,25327,30867,28612,27813,35696,29941,36798,27490,35376,20400,39965,43502,52744,55737,56578,67117,40791,105824,81731
SSD8_S7_L003_R1_001,124,83,70,333,216,35,159,71,159,33,75,53,132,144,348,266,348,261,163,379,88,197,248,187,170,347,104,395,249,264,329,398,54,351,428,421,338,571,494,509,454,564,677,600,459,697,1367,870,666,1322,686,440,465,796,1024,1600,647,967,1247,966,543,2927,948,1263,1565,1624,1618,1369,1474,1506,1790,1731,1488,1246,1806,1959,2604,2281,2697,2873,3071,2326,3023,3239,2480,3164,2652,4382,2903,3381,2102,3853,3689,4996,5454,6327,6802,5484,10155,11225
LHC14.Cone.Pool.Cones,4670,1695,1941,796,5590,1926,4282,1808,739,7908,190,183,4273,6462,1343,1198,553,386,4499,2306,651,792,6247,1456,15734,52,1680,5596,5820,3822,2118,8498,17783,1092,6857,7392,7185,5867,11170,11493,16758,22775,8354,12249,11332,10770,9037,4237,16530,7332,15334,5279,9705,9221,10630,12098,20291,19134,21207,4124,10127,10258,26842,14663,25791,24070,26639,27080,16201,26441,29578,12217,30264,30872,33016,28731,28012,31363,34043,45657,17838,40526,49302,40840,37544,46498,41288,44020,44022,47938,108963,54816,79031,71645,67473,109082,86071,48624,139158,119998
Zloty_Stok_ZS_2,2696,2367,2385,891,2465,1836,2437,2489,787,1,2061,4794,5360,2304,6028,5552,6472,4922,5509,4627,2254,6663,6621,4746,3423,1882,7677,6747,4429,11845,5514,7808,70,6248,7947,11684,10815,9556,12792,12136,11518,11116,9479,12825,11266,18247,13736,15932,14080,13362,20531,19803,21741,20727,13236,22300,33777,22366,24435,16004,34326,19542,26902,26471,25297,29573,29717,35118,24380,38449,44080,29893,33392,43645,44017,39535,35159,44813,42651,45991,34635,57164,62912,48431,49579,70226,68806,67885,57287,66039,43109,86890,104002,97732,93474,109508,113413,118914,185325,120893
Zloty_Stok_ZS_3,4761,3474,3871,3325,2147,9490,4482,7217,4811,6,20075,8621,7204,8137,6130,9455,8932,7849,8795,10492,14738,16023,9733,11153,2741,20965,9023,11605,15072,14419,23572,14541,280,17973,16375,16859,15640,18605,30851,19546,18959,22971,23285,21945,26662,28939,26859,31070,31251,35540,38039,35774,33789,37162,40662,38411,47524,40008,38699,30698,45358,34432,46188,52148,45078,57274,56503,62398,69506,66099,65899,41861,63093,71365,71788,74667,52168,81146,79291,88249,86634,90319,102771,101506,110092,118980,121191,114889,167183,123638,75640,139446,154829,181109,195970,214650,221011,291825,314800,360000
SD6_S2_L002_R1_001,110,85,100,376,138,111,188,87,170,135,109,72,206,241,243,368,402,409,230,446,256,267,338,393,369,573,242,374,385,243,398,448,295,719,579,529,377,758,618,607,622,759,826,727,627,723,1421,1198,897,1473,1138,787,714,1072,1215,1563,830,1121,1395,1259,1074,2520,1320,1587,1843,1955,1641,1579,1855,1800,2080,2635,1670,1792,2063,2592,3545,2728,2791,2916,3033,2560,3959,3622,3007,3826,3348,4596,3879,4034,3795,4544,4888,5334,6617,7512,7824,6887,11072,13753
JM5.R1,244,498,431,180,348,320,501,610,952,35,382,1061,871,237,362,1006,737,1326,803,723,1157,620,824,1571,1856,836,234,1263,1615,760,1021,1571,218,3153,1866,423,1666,1412,2362,2271,2080,1872,2913,3318,2687,2455,2210,3150,3408,3121,4986,3414,2961,3397,4106,4306,2262,4081,3723,2377,1194,2894,4650,5659,4632,7044,5714,6458,9137,5974,5771,3053,6949,8137,7545,8372,6899,6230,6328,8533,7899,9233,12431,13195,7980,11160,9777,11970,16217,12496,19200,12341,14939,17550,23083,25619,22381,21028,33705,35906
SSD4_S18_L002_R1_001,80,41,52,214,215,26,132,49,79,28,59,29,81,122,308,160,215,185,109,247,62,109,129,140,91,268,41,210,147,159,251,207,34,232,253,344,176,471,277,298,327,367,357,374,279,438,960,609,449,852,482,196,232,469,593,1030,373,675,956,550,312,2104,544,808,953,952,1085,832,916,1090,1130,1257,974,705,1275,1321,1734,1565,1792,1804,2080,1427,2060,2109,1432,2202,1716,2846,1834,2220,1379,2670,2555,3323,3487,4294,4644,3425,6978,6990
SSD8_S7_L004_R1_001,109,60,67,326,278,34,163,61,120,26,78,71,88,162,340,205,357,326,158,343,106,162,203,157,139,388,100,350,254,254,313,357,58,363,405,423,326,584,563,466,472,588,621,581,463,671,1493,840,714,1260,665,422,480,800,989,1555,597,979,1191,919,552,2899,1012,1253,1360,1588,1473,1280,1365,1511,1831,1722,1546,1122,1792,1906,2574,2284,2710,2769,3084,2201,3008,3183,2242,3017,2565,4154,2989,3465,2224,3812,3679,4918,5368,6051,6932,5409,9892,10806
SSD10_S12_L002_R1_001,122,49,90,221,373,20,148,52,132,17,79,33,153,153,529,178,269,260,119,295,33,160,209,109,105,245,84,342,142,224,279,334,47,300,386,359,349,532,436,398,403,466,445,450,379,538,1164,715,634,1054,524,237,412,557,795,1348,532,900,1122,642,338,3078,900,1081,1300,1270,1344,1137,1202,1419,1495,1165,1335,908,1738,1601,2186,1956,2548,2328,2696,2124,2559,2902,1957,2968,2332,3754,2411,2853,1582,3377,3484,4350,4703,4988,6555,4546,9282,9096
M8_1,563,944,819,1134,1147,1971,1991,2581,3328,5633,1440,2368,1652,2176,1590,2792,709,1359,2868,1878,5264,3207,2930,1625,4069,6197,1775,2890,4051,3653,3878,3068,13361,2921,3674,2830,3846,3782,6273,4701,4755,4572,6667,7566,5250,6782,5685,9504,8307,5087,7991,11340,11416,9374,10073,10143,6678,10018,8389,9198,10836,7466,12580,10300,12494,14606,12712,12904,18972,15832,13817,10283,15711,14818,16981,20342,29754,20171,13481,18605,22223,21275,22874,25352,31526,24714,24504,25678,29177,28090,39523,37862,32097,40182,52239,53339,54232,46754,74986,107187
SD7_S4_L001_R1_001,188,98,115,633,303,62,318,98,235,75,109,65,194,334,436,397,563,410,182,653,153,338,332,335,222,530,154,447,287,394,475,593,164,636,658,608,400,941,789,603,774,827,1026,901,615,1005,2551,1196,987,2126,1019,641,597,1244,1500,2296,857,1436,2021,1243,862,4925,1328,1820,2370,2211,2311,1952,2055,2140,2783,3141,1834,1707,2922,2908,4282,3343,3676,4037,4409,3269,4800,4622,3360,4696,3750,6545,4543,4933,3016,5736,5636,6844,8129,9238,9759,8019,14758,18007
JM6.R1,280,453,421,192,366,248,439,475,761,56,332,806,758,302,273,1020,626,884,606,832,851,724,742,1016,1574,690,232,979,1563,651,876,1429,222,2173,1601,508,1475,1312,2517,2005,1813,1689,2632,2737,2213,2092,2185,2651,2715,2624,4107,2824,2451,2796,3325,3669,1856,3167,3433,2593,957,2564,3698,5151,4225,6111,4776,5277,6327,5157,4864,2864,5561,6312,6498,7127,6185,5505,5705,7199,6011,7699,10138,10059,6955,9625,7952,10423,13523,10585,13372,11229,12637,14926,19361,21150,18667,17044,28296,30064
DEVA_BWPP7_G,1382,1139,934,843,2208,2095,1339,2718,1636,172,3249,2727,2128,1797,2736,4585,3766,2093,2401,1998,6201,4421,3010,5112,3102,4147,2166,3709,6377,4760,8576,5169,2623,7143,6662,5793,3836,7911,8924,6461,5785,7192,7347,8081,6678,9272,8050,13378,9907,11464,16380,15241,11316,11783,15349,17176,10858,11988,13057,12912,10966,12692,15384,22559,13902,20497,16973,20307,24168,20447,19194,12338,20763,17156,22699,29880,20191,23995,33874,30798,38019,28656,36137,36556,35972,43315,39308,45772,64322,49528,37796,53593,53159,60834,80746,74152,86342,78294,117996,112917
M8_2,545,964,975,1058,1061,2015,2190,2610,3279,5923,1413,2315,1592,2100,1679,2763,780,1463,2788,1847,5512,3128,2925,1654,3889,6354,1920,2942,4317,3838,3908,3333,13934,2911,3695,2952,4170,3872,6533,4920,4792,4573,6592,7399,5207,7090,5510,9590,8141,5104,7977,11257,11348,9510,10027,10332,6861,10247,8614,9287,11014,7431,12718,10308,12529,14819,12821,13106,19422,15881,14124,10350,16009,14871,17126,20026,30497,20710,13740,18769,22349,21423,22737,25676,31703,24826,24677,25858,29723,28313,39672,38674,32310,40151,52165,54768,55035,47098,75322,108004
M4_1,1,1,3,1,5,5,19,13,4,1,3,34,2,1,1,69,65,5,75,5,23,35,27,2,12,1,10,1,17,18,28,4,2,6,14,9,19,6,16,22,10,13,42,22,33,12,33,26,45,7,2,65,17,24,31,25,20,27,87,15,32,57,18,112,22,39,81,26,75,98,20,61,34,140,10,135,62,44,40,129,32,91,67,152,91,17,216,50,106,58,118,189,104,119,128,235,138,160,249,389
JM23.R1,310,388,451,189,238,589,457,561,845,349,596,840,699,370,333,920,472,723,850,583,1616,826,891,1169,2176,1451,465,1166,1884,711,1184,1233,1052,2921,1362,883,1333,1281,2385,2123,2058,2148,2546,2958,2788,2211,2048,2582,3636,2866,3820,4261,3012,3664,3886,3491,2332,3506,2779,2572,3022,3493,4521,5145,4186,6142,4893,5855,8664,5442,5073,3078,6553,6255,6455,7184,6201,6187,5344,6711,8293,8216,9591,10706,9141,9805,9569,9823,13807,11366,19044,11572,14570,15991,21198,19477,19336,19965,27829,41793
M6_1,1,1,1,3,3,4,28,22,13,1,9,28,1,1,2,46,46,2,53,1,51,51,20,2,7,1,10,2,11,11,25,7,2,6,26,10,26,5,16,53,18,5,48,16,40,18,42,28,58,1,5,71,37,43,33,19,14,42,78,17,19,77,14,108,39,35,93,25,67,71,21,66,58,127,16,155,84,43,48,101,43,97,86,130,108,31,240,56,65,64,136,189,148,123,136,337,128,119,220,408
M7_1,724,850,702,1237,282,2009,1676,1994,963,2371,1460,1422,1371,3053,1129,3044,2625,525,2107,2426,2515,2231,2558,2134,3919,3338,1975,2451,3581,2815,3621,2871,4822,2593,3970,3771,3423,3348,4628,4610,4256,3799,4980,5342,5464,5756,7594,7883,6854,10081,7863,7762,8264,7552,7629,8549,7531,7985,9002,7032,4924,6803,11357,11592,12581,13188,10761,13884,13992,12932,12667,9692,13786,11954,15177,17116,14634,19420,16727,18380,21351,18117,18974,23274,27342,24428,21477,24307,29767,26861,31261,32782,29565,37287,45927,45646,50274,42878,64001,77138
SD3_S15_L001_R1_001,106,53,37,242,201,39,165,33,91,7,67,35,115,123,245,191,249,223,113,310,65,129,149,190,128,279,43,279,205,186,249,263,49,307,392,414,200,516,390,305,360,408,534,448,310,469,1106,614,477,1076,589,325,318,538,833,1101,463,736,1013,712,436,2527,683,1018,1191,1250,1227,1058,1166,1223,1341,1678,1064,810,1437,1476,2061,1707,2038,2209,2420,1728,2546,2600,1619,2598,2101,3430,2462,2673,1563,3062,2938,3487,4125,4858,5091,4436,8141,8752
G5089,545,980,809,1535,3311,202,1166,522,822,873,815,516,1595,1349,3581,1473,2594,875,1530,1959,637,2352,2663,1961,1651,1196,1718,3397,2763,2268,2826,2855,1875,3908,3463,4508,3632,6340,4134,6320,4630,6608,5061,5617,4486,5855,8004,6494,6852,9130,8320,5110,4527,5350,9811,10752,6081,9129,11023,7440,3398,19994,10084,12033,12230,12937,15583,12311,12439,15886,15920,10782,13527,10636,19277,16083,21824,17543,24543,22061,22846,21710,26247,25085,24001,32032,26060,34751,25038,32383,16779,35633,38403,46994,48521,51134,60221,35540,94107,70079
M5_2,772,989,845,1757,1076,1989,1626,2307,1179,4495,1842,1230,1488,3353,1350,2257,1781,690,2536,2470,4359,2043,2326,1558,4345,3692,2938,2564,3401,2463,3835,3314,9181,2807,3479,3233,3592,3329,5917,4792,4819,3804,6581,6513,5619,5659,5784,7402,8087,7620,8103,10146,9373,8644,9116,9425,6365,9868,10638,6437,7825,7486,11220,11444,12841,14404,12241,12800,18735,14091,14211,8361,15739,13185,16088,17426,21373,18530,15340,18721,22945,19359,21702,24257,30578,23833,20908,26161,29918,25732,37704,34191,29878,36586,48419,50351,52010,50502,68015,104516
SSD6_S3_L003_R1_001,92,64,63,322,204,27,163,50,92,23,71,32,106,146,218,192,401,200,116,358,53,154,153,133,127,292,63,299,180,165,263,326,55,266,370,346,264,493,361,396,415,520,508,448,345,475,1162,715,518,1121,553,268,325,600,778,1274,448,821,1065,752,412,2719,749,1031,1191,1206,1292,1053,1087,1253,1381,1568,1157,840,1466,1494,2113,1966,2146,2243,2518,1969,2488,2609,1869,2584,2151,3581,2342,2824,1564,3203,3117,4063,4418,4870,5768,4278,8253,8754
G5090,499,872,767,1179,2928,182,804,383,794,634,718,393,1231,1008,3427,1233,1733,810,1416,1589,466,1859,2389,1834,1349,1045,1235,2874,2261,1896,2577,2426,1204,3583,2926,3910,3281,5651,3704,5495,4056,5893,4142,4564,3827,5555,6564,5261,6156,7524,7027,4568,4158,4757,8826,9148,4933,8348,10271,6898,2749,18655,9076,9986,11176,11285,13411,11036,11010,13805,13830,8600,11861,8985,16712,13924,18302,15134,21849,20342,19447,18839,22952,21202,20906,28713,23150,31275,21622,27748,13719,31444,34055,41815,43196,43882,52740,31843,83528,61746
JM29.R1,401,465,466,220,239,750,428,723,1171,156,829,1162,916,400,465,1207,635,807,1045,699,2053,1187,957,1646,2495,1893,630,1418,2299,827,1625,1651,471,3965,1977,1036,1626,1812,3060,2593,2308,2757,3100,3295,3343,2591,2678,3251,4339,3965,5087,5316,3503,4330,5137,4708,2980,4592,3553,3190,3590,4212,5431,6792,4670,7955,5713,7484,11396,6966,6147,3587,8025,7993,7997,8855,7193,7194,7262,8518,10992,10164,12116,14037,11790,12137,12444,13113,18753,14538,21874,13967,16631,20287,28428,25989,25146,26614,35793,54412
KOW_3,1,1,1,1,3,5,16,1,71,1,141,14,6,4,46,3,11,34,117,2,10,26,7,1,2,1,34,5,7,11,5,7,1,40,1,40,100,14,32,79,135,8,23,163,47,14,81,17,57,6,1,68,13,97,33,28,212,743,42,24,169,29,26,12,146,69,332,48,66,193,222,429,92,112,55,100,59,367,205,153,129,162,194,429,198,50,502,377,290,227,511,106,563,389,332,333,867,491,496,684
SD6_S2_L001_R1_001,120,86,114,344,150,100,190,96,224,166,138,69,199,274,232,346,431,369,215,468,279,253,302,405,373,565,225,376,342,224,463,489,302,704,503,519,363,743,679,617,558,741,815,830,638,771,1571,1176,893,1572,1141,881,803,1080,1213,1648,885,1129,1526,1274,1128,2518,1320,1636,1836,1848,1695,1691,1930,1822,2024,2761,1893,1863,2269,2474,3589,2630,2841,3016,3294,2755,3927,3742,2967,4280,3404,4699,4112,4142,3871,4700,4898,5414,6607,7670,7870,6946,11628,14547
GB14.Black.Soil.Upstream.of.Weir,869,1662,1288,4287,2989,3188,4935,3157,1187,15356,1261,769,2946,3319,2403,3280,445,1246,4206,3305,5570,2034,4386,827,10812,4167,2767,3644,4262,3962,1649,4392,33211,4557,3450,3688,5900,3141,9071,7521,8198,3404,9189,9801,7857,7040,10643,8067,9057,7892,7356,12062,20168,10351,8262,10940,10218,15039,15324,2139,12807,8035,15434,11794,17497,20289,17666,15575,24885,17652,18171,7897,23821,19001,21272,20283,43720,28063,14849,21158,26372,25992,26189,34949,41890,28175,22575,29398,22623,35220,78991,44410,43270,46058,49676,71624,58326,61364,79236,162209
ADM1_R1_q25,1286,4295,3304,8442,6875,888,2841,968,8346,1192,1781,1124,7095,5798,9618,5884,10509,9084,6238,13722,1272,5174,7780,3824,4042,5252,6960,11527,7298,5318,6204,12210,2032,9243,7696,10611,10241,15901,12288,20034,19227,16095,21944,18123,20035,24023,33642,29207,20194,38471,22387,11009,17592,26085,24098,35949,30287,22699,31533,52040,25536,59683,34759,44784,52537,44723,51614,37906,31136,44979,54005,103492,47125,45836,67228,56357,81908,54362,74136,78046,80885,73844,89657,90571,72550,100498,85347,110347,58663,88799,66489,115704,155568,154663,152978,160585,192764,123555,294782,288580
KOW_2,3565,6595,8449,3046,2472,8174,5682,6675,9872,3,8661,15404,11384,5213,12869,4550,8456,22152,18219,10885,12581,18833,16586,30510,1060,9461,37064,20326,11205,33681,15960,17767,297,16702,20905,29395,32875,30235,22628,40711,37698,29485,44867,48529,62768,50971,30416,45960,46925,30980,29850,61018,61065,58714,46095,47980,105035,84459,62362,129878,142362,79849,83318,55216,69303,78979,96723,104159,99978,106879,107808,163055,119480,142588,122076,111325,94216,146471,136454,126734,132500,174329,168164,168771,209191,187152,272323,185679,142565,206185,163804,220640,276624,301655,271899,353096,345525,552076,551072,555668
DEVA_BWPP7_L,972,729,797,3426,2793,544,1421,1240,1497,45,1954,849,1635,1963,3927,3029,3831,4094,1570,3125,1052,2955,2639,3297,1221,6467,1422,3434,3064,2875,5008,4808,595,5280,6382,5493,3534,7140,5657,6433,4628,7780,6450,5636,5462,7665,11281,11498,7363,12820,9531,6048,5976,8636,14035,16769,8412,10509,14798,10794,9008,34785,11087,17763,18015,14795,17119,14784,16433,18202,17630,15194,14732,13635,20275,23694,32002,24867,33602,28386,32523,23759,35930,37163,25774,34872,31845,46517,38914,39862,22636,47176,41439,53020,60564,64220,81810,70685,110843,124355
M2_2,1026,854,685,1412,947,1955,1495,1922,1331,2818,1592,1253,1235,2284,1226,2540,2128,1084,2046,2303,3439,2900,2474,1908,3680,3906,1943,2732,3652,2138,4035,3175,6593,2961,3672,2692,2990,3434,5900,4285,4039,3813,5471,5167,5125,5513,7034,7039,7364,7684,8232,8889,8190,8094,8519,9395,5777,8350,8720,6383,5338,7430,10373,11364,10683,12769,11198,12938,15528,13621,12243,8050,13838,11660,14707,16504,18531,17009,15798,16864,21067,18199,19693,22649,28038,22325,19899,24720,31927,25839,31431,32226,28339,35502,47293,46114,48012,43362,65265,95224
GB14.Orange.Biofilm.Below.Weir,4566,1886,1776,1077,3778,1694,3911,1682,711,5494,221,335,3690,5329,1177,1345,1127,668,3591,2479,777,1224,4577,1267,10833,80,1415,4640,5638,3085,2102,6579,13924,1844,5680,6437,4966,5563,8839,8557,13496,18044,7226,10429,9810,8062,10328,3809,13709,7625,13321,5163,9400,8040,8267,10865,13996,15761,16855,2509,7128,8734,21199,13239,20628,20228,22046,22153,13392,20184,23068,9447,24708,26635,27204,24958,24965,25351,26186,34979,17606,33294,39767,33403,31745,37137,32070,36368,36102,40797,86478,44965,62334,56180,56866,89447,70091,44328,110799,114662
SSD9_S9_L002_R1_001,70,42,52,226,234,22,129,32,86,17,54,48,95,138,333,162,259,190,115,261,33,139,142,81,80,309,45,253,191,191,211,261,50,221,322,331,233,426,357,354,345,460,411,402,232,460,1133,611,443,1014,500,204,291,542,720,1043,436,725,997,621,348,2451,645,912,1068,1045,1092,887,958,1043,1207,1261,1060,761,1325,1255,1742,1702,1960,2065,2258,1723,2138,2347,1482,2476,1824,3226,2021,2332,1339,2605,2854,3383,3905,4200,5089,3672,7444,7254
SSD3_S16_L003_R1_001,68,40,43,155,99,28,113,32,74,22,48,30,84,85,133,146,190,168,107,181,66,129,125,147,124,213,57,186,185,174,186,246,38,207,255,246,192,264,313,303,277,336,383,339,264,333,756,469,420,760,442,363,292,485,562,719,410,580,741,579,394,1485,582,733,787,870,930,742,858,871,1025,1163,897,677,942,1133,1429,1314,1289,1524,1610,1230,1671,1712,1261,1718,1463,2338,1678,1833,1570,2177,2101,2492,2981,3224,3836,3079,5348,5905
JM30.R1,344,521,388,224,216,625,515,624,1036,446,650,1012,837,355,391,1024,395,791,1005,537,1949,943,934,1537,2287,1753,554,1268,1913,763,1324,1585,1200,3550,1743,959,1504,1648,2616,2403,2216,2472,2779,3061,3171,2451,2361,3065,3694,3309,4309,4701,3440,3975,4375,4253,2688,3959,3486,2978,3202,4036,5079,6021,4661,7235,5406,6562,10248,6057,5859,3153,7415,6976,7236,8170,7220,6696,6325,7577,9380,9295,11018,12472,9897,11451,10763,11766,15975,13096,21254,13149,15083,18228,24976,24161,22111,23257,32846,49054
DEVA_BWPP7_N,717,758,635,812,900,964,964,1669,1310,325,1954,1906,1204,1121,1386,3136,2089,2714,1696,1947,3626,2729,2372,3642,2420,3982,1427,2499,3698,2946,5809,3514,1038,5391,4687,3946,2513,5338,5406,4246,4054,5378,4778,5473,4222,6047,5433,8847,6326,7736,10377,9649,7176,7698,9362,11363,7089,7874,9085,8561,9170,9888,10154,13890,9601,13477,12089,13510,16199,13169,13104,8697,13117,12457,14867,19558,15010,16406,21772,20808,23854,19414,26046,25618,20745,28083,26616,30808,40463,31863,28256,35140,34801,39599,51430,50940,56475,54564,79074,74901
M4__2,970,849,721,1471,807,2068,1504,2025,1503,2909,1684,1299,1234,2575,1056,2597,2517,748,2086,2111,3693,2581,2188,1754,3561,4013,2498,2604,3496,2300,3756,3095,6236,2978,3556,2846,3173,3367,6088,4369,4286,3968,5652,5473,5223,5564,7037,7247,7013,8647,8244,9131,8134,7900,9221,9725,6449,8615,9587,8068,6284,7143,10690,11068,11880,13888,11410,13516,16071,14163,13089,10456,14679,11879,15099,16868,18222,18393,15498,17896,21636,18079,20310,23009,28098,23317,21104,24879,30332,25881,31782,33665,28641,36250,48170,46545,50743,44767,65618,100725
SD10_S10_L001_R1_001,60,44,50,188,257,30,90,42,77,29,75,28,104,129,343,183,206,190,101,242,64,119,167,132,111,223,53,237,145,177,219,273,78,266,322,268,235,412,323,386,377,437,386,399,287,418,881,599,404,724,425,215,299,447,652,1013,406,739,870,542,342,2442,670,802,1021,989,1034,882,1016,1133,1107,963,979,745,1353,1308,1806,1536,1900,1851,2052,1583,2208,2231,1572,2430,1864,3073,1976,2297,1405,2620,2808,3351,3750,4131,4719,3518,7259,7153
M2_1,1078,826,671,1385,982,1822,1521,1978,1272,2835,1542,1264,1265,2227,1280,2514,2088,1020,2042,2252,3494,2829,2333,1940,3659,3932,1956,2675,3658,2222,4126,3156,6431,2832,3542,2757,2850,3546,5882,4242,4028,3765,5462,5244,5154,5527,6854,7056,7350,7870,8027,8618,8436,8142,8446,9127,5982,8214,8763,6500,5367,7354,10153,11572,10668,12406,11386,12761,15444,13531,12241,8129,13827,11460,14549,16314,18522,16576,15375,16876,20861,18331,19351,22632,27927,22213,19910,24956,31828,25739,31181,31991,27476,35298,46480,45936,47508,42688,65279,95714
M5_1,726,987,840,1701,1057,1979,1640,2227,1212,4344,1775,1293,1452,3208,1423,2191,1799,672,2565,2418,4116,1978,2355,1554,4236,3654,3052,2625,3484,2515,3921,3181,9064,2714,3507,3035,3574,3229,5978,4874,4610,3860,6503,6495,5657,5581,5823,7439,7999,7673,8144,9863,9602,8838,9018,9372,6334,9576,10422,6369,7853,7509,11106,11420,12453,14307,12078,12781,18324,14000,13917,8385,15664,13142,15789,17238,20794,18247,15261,18603,23070,19240,21432,23880,30834,23693,20272,26350,29774,25883,37595,33888,29438,36414,48075,49456,51850,49974,67546,104622
JM26.R1,277,490,452,252,367,298,407,481,816,51,307,907,779,416,395,1080,849,953,744,924,949,930,817,995,1545,880,293,1246,1706,641,826,1577,227,2595,1942,642,1586,1457,2594,2161,2018,1890,2887,3035,2516,2456,2785,3040,3103,3134,4794,2859,2557,3404,3730,3987,1902,3843,3916,3367,1217,2997,4435,5780,5050,6621,5614,6121,7541,5801,5391,3904,6155,7356,7568,7824,7143,6231,6547,8385,7290,8749,11105,11163,7733,10963,8976,11954,14687,11543,14724,12311,13908,16716,22580,22821,20828,18461,32105,35657
DEVA_BWPP7_H,1541,1657,1208,1255,2734,2596,1988,3291,2542,750,3968,3512,2926,2087,3183,6010,4663,2964,3408,3903,7053,5195,4055,6227,4949,5284,2451,4793,7637,5557,10838,7210,5944,9047,8950,6814,5291,9766,11151,8572,7929,9491,9652,11034,8400,12133,11799,17575,13076,16121,21062,19299,14328,15785,18649,22590,13339,15831,16713,14315,13177,15549,20373,27283,18937,25551,22815,26804,30677,26389,25200,14753,26385,24124,29663,38265,27583,31378,40793,40489,47224,38315,47320,47357,43340,56366,52632,57338,82384,62590,55445,69736,72075,78753,102500,97754,108987,98079,153507,142920
GB14.Cone.Pool.Mat,4028,1686,1466,2839,3695,1311,3391,1130,1440,2249,373,469,2779,5315,2440,1447,2028,1239,3117,3794,282,1475,4308,1723,7655,211,1576,4355,3997,2963,2238,5874,6047,3367,5580,6845,5105,6528,8283,7385,13702,18439,8210,10192,9721,9098,15573,5138,12330,11030,12577,3869,9133,8254,7814,13135,11550,13979,17565,9380,6268,13238,17554,14408,22777,19911,22594,21504,14393,21076,23728,20386,23453,26699,28810,26272,26787,25061,27516,37143,26049,32280,44042,36628,34741,42872,33291,39722,38043,42089,72156,46368,64733,60368,62001,90597,76694,46648,120674,128790
JM4.R1,202,433,474,168,366,327,457,554,775,53,291,1158,824,288,352,966,691,827,675,802,950,726,744,1052,1652,655,157,1094,1580,602,696,1421,220,2224,1667,261,1643,1281,2562,2082,2016,1761,3090,2942,2693,2316,2058,2853,2927,2660,4651,2820,2459,3077,3437,3592,1641,3542,3783,2368,928,2263,4127,5066,4633,6737,5189,5944,7042,5259,5236,2551,6083,7677,7344,7329,6645,5796,5703,7993,5874,8359,11020,10887,6941,10364,9119,11152,15189,11180,15116,11758,13232,16243,20890,22225,19516,17508,30879,30955
M1_1,1030,733,718,1499,823,2074,1571,1736,1136,3275,1534,1157,1235,2695,1285,2142,2099,802,1850,2258,3678,2285,2127,1634,3868,4294,2093,2375,3521,2452,3938,2863,6867,2842,3404,2520,3110,3192,5345,4121,4090,3744,5815,5195,5096,5062,7006,6794,7228,7944,7587,8827,8306,7549,7859,8392,5435,8237,8634,5340,5930,7251,9557,11061,10507,12196,11225,12034,15598,12489,12356,7178,13706,11074,13863,16039,18379,17155,15056,16133,22193,16831,19111,21855,26702,20853,18082,23181,29469,24870,32302,30060,25960,33902,43839,43544,45504,44178,60208,94614
KOW_0,3921,6732,10668,4292,3543,7316,5556,6060,11657,3,9749,18607,13154,6413,13968,4838,11191,27385,18815,14499,10080,16858,18492,25236,1599,11385,38828,21866,11477,36414,16907,20343,361,19150,21896,33925,34596,34326,23335,41760,42353,30262,44466,51570,62068,53140,41121,50506,54497,36087,34056,58047,62663,61083,47058,51821,111619,93214,77167,126183,168729,79255,91191,68360,82091,83936,109541,105926,109305,117699,129488,224941,125680,148888,131640,128998,100642,141264,154125,138585,146987,185741,181878,181085,211257,200129,268490,202920,149178,222818,178914,237006,306758,316662,294126,407183,371472,555388,603906,589910
JM31.R1,287,460,284,267,400,265,436,365,630,90,263,636,643,430,443,904,663,957,633,820,753,840,639,1040,1326,764,281,996,1405,590,812,1409,275,2330,1690,804,1282,1359,2155,1698,1714,1934,2181,2333,2069,1991,2230,2722,2620,2882,3441,2392,2099,2536,2977,3595,1748,3003,3048,3345,1248,3086,3366,4886,4569,5363,4319,5016,5992,4731,4904,4378,5168,5619,6141,6518,6752,5304,6084,7261,6426,7094,9250,9793,6661,9536,7942,10626,12090,10378,12470,10510,12359,14409,18247,20436,18339,15730,27317,32624
M6_2,816,947,682,1419,653,1834,1552,1770,1595,2731,1335,1268,1240,2502,1069,2432,2528,1048,2023,2222,3360,2337,2305,1606,3394,3465,2013,2413,3531,2530,3701,3237,5964,2894,3421,2590,3215,3052,5604,4318,4163,3785,5518,5290,5055,5408,7479,6990,7289,8770,7872,8841,8325,7694,8446,9139,6143,7871,8634,7724,5101,6797,10472,10555,12097,13207,10762,13081,15285,13906,12500,10437,14328,12150,14670,16220,18425,17086,15241,17157,20163,18116,19781,21549,26919,22307,19830,23862,29558,25384,31674,31714,27685,35791,46067,43806,49430,40750,63143,95192
SSD10_S12_L003_R1_001,65,56,58,179,271,17,127,13,100,18,46,22,92,108,374,154,204,215,99,245,25,192,133,116,64,246,58,294,126,154,225,304,42,248,300,325,266,409,356,432,363,403,394,363,242,492,958,564,478,778,375,203,303,507,736,1084,419,762,881,547,337,2515,721,837,1046,1064,1105,892,992,1191,1109,857,1152,724,1185,1287,1704,1605,2020,1974,2088,1560,2081,2305,1641,2302,1874,3238,2038,2272,1224,2683,2636,3462,3867,4037,4936,3731,7265,7093
ADM2_R1_q25,332,681,539,1164,906,349,613,170,955,685,400,181,1147,1521,1236,1012,1570,1301,1027,2522,506,600,1337,753,1416,675,1203,1719,1286,1012,937,2426,1349,1941,1453,2041,1779,2347,2432,3031,3060,2605,3456,3154,3317,3522,5535,4861,3498,6385,3214,2605,3388,3833,3936,5789,4201,3748,4685,9691,4965,9339,5493,7845,8609,7663,7942,6335,6709,7109,8348,18670,7860,7924,10477,9908,13663,9169,11318,12128,13818,11268,14979,15302,12287,15547,13545,17596,10492,15629,14977,18476,22944,23874,25499,26943,31159,23612,45790,56351
M7_2,733,843,763,1197,303,2030,1775,1947,1001,2270,1447,1473,1317,3181,1082,3093,2585,547,2098,2387,2576,2291,2490,2093,3769,3285,1942,2502,3574,2728,3572,2957,4748,2664,3972,3839,3280,3324,4616,4497,4424,3865,4972,5641,5451,6043,7748,7946,6740,10311,7908,7959,8282,7630,7561,8478,7637,7871,9116,6974,4934,6786,11379,11459,12621,13268,10953,13986,13863,13047,12847,9636,14249,11929,15173,17370,14869,19661,16516,18979,21346,18490,19107,23182,27481,25031,21856,24404,30116,26900,31149,32717,30235,37411,46469,45859,50753,43298,64909,77858
JM15.R1,356,571,383,212,730,477,560,801,934,392,443,963,780,752,1233,1240,499,1027,914,915,1427,1224,902,1408,2458,854,318,1354,2021,1097,1507,1692,962,2868,2027,1036,1760,1714,3015,2242,2415,2177,3008,3206,2931,2782,2928,3635,3420,2824,4880,3886,3676,4351,4344,4977,2607,4627,3994,3273,2661,4084,5628,6399,4903,7449,5704,6424,8694,7002,6405,4617,7696,6920,8329,9312,8462,6908,7701,9642,9536,9841,11939,13253,10706,12115,11009,13859,17648,14160,19237,13584,16292,19893,25296,28313,25166,24314,36482,41357
M3_1,1042,683,633,1237,782,1849,1286,1837,1257,2659,1608,1222,1155,2002,1309,2259,2375,707,1847,1964,3789,2207,2065,1742,3373,4889,1918,2474,3724,2323,4214,2813,5362,3206,3555,2451,2869,3229,5365,4050,3854,3865,5414,4896,4769,5071,6546,6763,7044,8478,7917,9072,7330,7392,8599,8848,5645,7897,8362,6568,5071,7406,9593,11121,10593,11996,10938,13164,15546,12840,11911,7208,13414,11567,13659,15794,16445,16659,15424,16310,22114,16655,18942,21520,26812,21518,19548,23521,32260,25191,29170,30162,26802,34093,45558,43287,46661,42706,62098,94259
JM8.R1,334,365,244,248,1936,357,482,413,581,289,465,426,580,543,2301,667,438,649,618,661,478,843,720,688,1279,650,465,1048,1109,852,983,1137,628,1161,1397,537,1524,1030,2218,1777,1683,1597,2457,2592,2292,1953,2982,2085,2230,2058,2664,1891,3312,2606,2997,3229,1291,3276,3260,1789,2842,3171,3559,4126,3910,4773,3294,3481,4256,5165,3916,4098,6009,3976,6540,6266,6200,4658,5719,6945,6315,6593,6361,8302,8727,7378,7039,10211,10890,9208,10980,8464,11545,16264,17459,19521,17097,13964,25002,35893
DEVA_BWPP7_I,1466,1525,1082,1401,3810,1949,1711,3098,2277,595,2997,3547,2559,1928,4399,5183,5028,3496,2950,3356,5978,4836,3876,5898,4873,3648,2187,4618,6843,5867,8756,6354,6052,7838,7910,6506,5459,9375,9970,7983,7438,8594,9283,10790,8520,11579,10866,16314,11374,14114,18965,16301,13884,13964,16331,21043,11977,14812,16416,14273,14967,14004,19404,25450,17247,25359,21147,23263,26257,24774,23948,16259,25846,21630,28415,36361,26767,29170,38477,38600,42153,36044,42400,45136,40812,51213,47255,55210,72433,58209,53210,62640,65347,75443,96768,91178,103338,89572,143654,135464
M3_2,1,1,4,2,3,1,15,9,3,1,10,33,3,1,15,40,61,2,24,1,33,18,11,2,14,1,2,1,20,14,24,1,1,3,21,14,5,3,17,19,13,5,26,14,40,14,36,26,62,3,2,64,14,32,21,30,27,35,61,11,11,74,23,94,40,24,69,29,44,58,28,37,40,88,18,127,55,59,43,117,49,68,62,127,155,10,147,69,155,50,148,167,115,98,138,350,182,145,249,268
