ID,Cyanothece,Bacteroides,Salinibacter,Synechococcus,Roseiflexus,Nostoc,Microcoleus,Planctomyces,Geobacter,Anabaena,Desulfovibrio,Rhodopirellula,Roseobacter,Pseudomonas,Clostridium,Ruegeria,Rhodothermus,Rhodobacter,Bacillus,Trichodesmium,Chlorobium,Blastopirellula,Synechocystis,Chloroherpeton,Rhodopseudomonas,Burkholderia,Pirellula,Methylobacterium,Rhodospirillum,unclassified_(derived_from_Deltaproteobacteria),Bradyrhizobium,Chloroflexus,Nitrosococcus,Flavobacterium,Syntrophobacter,Methylotenera,Spirochaeta,Candidatus_Solibacter,Sinorhizobium,Desulfatibacillum,Pelobacter,Thioalkalivibrio,Anaeromyxobacter,Desulfococcus,Xanthomonas,Shewanella,Mesorhizobium,Roseovarius,Methylobacter,unclassified_(derived_from_Gammaproteobacteria),Streptomyces,Rhizobium,Acaryochloris,Parvibaculum,Magnetospirillum,Cytophaga,Hyphomonas,Pedobacter,Desulfobacterium,Jannaschia,Dinoroseobacter,Methylobacillus,Opitutus,Gramella,Marivirga,Mycobacterium,Syntrophus,Spirosoma,Rhodomicrobium,Lyngbya,Myxococcus,Caulobacter,Maricaulis,Vibrio,Oscillatoria,Thermosynechococcus,Labrenzia,Arthrospira,Marinobacter,Leptospira,Haliangium,unclassified_(derived_from_Alphaproteobacteria),Alkalilimnicola,Chitinophaga,Microcystis,Agrobacterium,Methylococcus,Sorangium,Chlorobaculum,Acidovorax,Cupriavidus,Chelativorans,Polaromonas,Nitrobacter,Dyadobacter,Desulfonatronospira,Xanthobacter,Allochromatium,Algoriphagus,Oceanicola
JM29.R1,2234,602,14316,1322,957,856,462,1464,860,647,690,1723,7610,2334,479,7311,4034,5074,681,462,479,786,650,215,4012,1735,677,4063,3816,216,3338,404,1407,625,214,56,371,696,2774,140,381,1104,724,137,885,1083,2086,4582,124,1377,912,1817,361,3162,2015,545,1107,408,118,2864,3280,105,326,952,717,745,138,529,4159,234,470,1178,857,676,132,213,2135,181,1157,169,569,1582,1006,300,235,1340,574,360,206,398,716,1936,416,1592,423,78,2018,1088,540,1933
JM4.R1,1544,835,51158,952,1023,669,352,1180,877,444,704,1687,4385,1283,443,4048,12596,3249,771,336,697,559,340,415,3553,1193,522,3426,2251,233,2788,462,1017,520,270,39,650,711,2210,164,430,595,1064,152,464,687,1626,2243,71,566,665,1696,246,2921,1325,608,905,592,138,1401,1782,77,353,978,596,521,171,703,4400,208,831,1074,699,535,90,175,1994,171,669,211,813,862,600,537,184,1168,311,480,346,359,411,1691,268,1578,464,110,1833,356,410,1125
JM23.R1,5724,726,14944,2290,948,2164,1310,1221,836,1545,850,1680,6486,2106,528,6401,4133,5047,606,1164,508,622,1605,236,4093,1584,540,4000,3758,197,3358,389,1405,490,241,55,540,545,2666,150,365,1091,695,162,839,982,1951,3530,146,1323,780,1845,757,3036,1962,540,1025,378,149,2481,2966,143,257,868,692,690,149,453,4071,587,460,1126,775,601,375,474,2108,486,1117,166,503,1620,947,285,609,1219,579,320,180,383,639,1871,406,1628,385,88,2008,1537,445,1816
JM26.R1,1684,1647,37379,1008,1242,671,392,1180,1023,514,1074,1750,5438,1315,873,5105,8982,4041,953,300,777,672,400,455,3043,1125,595,2779,2270,362,2331,549,907,1139,395,38,2203,778,1956,357,514,652,720,374,475,759,1427,2999,84,564,639,1344,268,2535,1336,1108,1129,1083,451,1737,2132,99,377,1602,1238,484,260,1138,3386,232,537,1041,723,610,101,156,1643,160,536,316,648,909,607,1096,204,941,335,342,341,309,415,1367,355,1358,748,168,1521,463,718,1477
JM30.R1,5573,667,14906,2311,889,2111,1252,1033,849,1643,973,1175,7196,2199,517,7196,4296,5464,618,1179,447,489,1448,226,3809,1510,435,3677,3591,239,3022,392,1421,456,281,47,675,554,2594,175,395,1222,703,199,957,1034,1826,4006,139,1545,647,1738,861,2910,1971,475,920,326,161,2897,3326,114,299,690,510,558,179,435,4012,572,432,1174,816,680,361,436,2043,460,998,185,528,1434,1016,261,612,1174,552,313,196,386,636,1685,447,1632,347,106,1825,1352,383,1966
JM8.R1,4778,713,17998,1639,2298,3373,10029,775,1230,2126,1460,930,1787,1656,776,1851,4270,1597,985,1349,570,369,923,218,1021,1136,327,975,2163,680,889,1346,1593,269,643,43,542,524,725,550,504,1362,703,539,528,1257,493,997,161,735,761,500,635,652,1197,273,179,261,562,748,864,134,207,397,256,506,327,344,179,341,531,373,241,2742,365,371,386,271,1316,149,514,795,919,222,474,361,604,369,214,273,466,368,236,423,256,231,328,3134,225,557
JM6.R1,1802,1444,35215,1155,1247,745,429,1247,1153,576,961,1580,4652,1622,793,4499,9194,3914,915,414,809,617,420,432,3216,1274,555,2840,2314,336,2422,641,1190,957,350,36,1787,761,1974,263,533,926,977,239,640,922,1421,2570,103,1089,682,1359,328,2467,1337,1091,916,1195,237,1475,1870,111,466,1355,1078,575,280,1007,3571,257,872,980,641,640,109,216,1771,221,791,325,919,841,760,1146,242,937,485,704,331,361,472,1468,368,1365,699,152,1541,1130,640,1338
JM5.R1,1334,1048,33552,902,1238,558,306,992,1167,375,1074,1186,4035,1604,658,3889,8984,3142,810,283,669,497,291,348,4512,1442,445,4132,2497,394,3097,550,1433,488,427,31,1151,757,2712,293,521,1063,1133,228,532,888,2026,1927,125,648,699,1896,216,3742,1437,629,801,538,230,1279,1422,121,270,787,626,567,253,605,6039,140,921,1135,714,623,91,116,2672,154,712,236,893,974,869,599,150,1322,576,586,350,362,534,2184,418,1932,410,126,2411,2567,403,1107
JM15.R1,4961,733,18379,1794,1759,3235,9312,1630,1474,2085,1445,1463,2415,1943,780,2434,3564,2123,932,1391,759,739,1060,377,3095,1535,727,2771,3937,505,2305,979,1757,423,530,48,542,773,1886,410,624,1534,1245,341,993,1137,1402,1506,145,1475,920,1267,628,2602,2166,509,514,429,333,733,927,129,351,618,595,756,307,532,3002,436,867,1069,910,644,357,430,1440,324,1042,259,830,1509,1037,360,548,873,586,595,313,382,545,1350,341,1431,292,271,1479,795,390,684
JM31.R1,2349,2365,22008,1249,2195,988,553,1263,1553,701,1547,2337,4104,1444,1436,3839,7487,3651,1217,519,1050,876,574,511,2893,1161,827,2847,2414,610,2240,1221,1104,1257,627,38,3847,740,1860,576,672,819,758,670,508,826,1267,2121,90,642,683,1261,354,2289,1453,1310,822,1413,686,1733,1863,99,383,1699,1337,532,441,1099,3117,293,619,993,595,634,162,266,1510,209,657,406,615,1010,621,1279,286,926,342,391,359,331,436,1257,321,1345,823,252,1333,573,777,1184
M3_1,7141,633,504,10713,1627,4797,3790,4854,1383,3661,922,3666,4516,2634,952,3270,457,2675,2694,3253,523,2673,2263,171,1860,1880,2643,1616,1326,219,1759,843,1136,531,285,108,152,1267,1560,203,577,748,1007,204,895,1151,1607,1401,192,2015,1631,1406,1352,1204,915,590,830,443,145,1807,1492,170,740,524,619,2012,198,647,220,1183,803,858,845,667,1109,962,1136,1007,638,319,774,779,506,389,882,957,437,693,186,469,757,774,472,773,555,54,684,333,519,920
M6_2,9385,1109,527,7454,1155,6021,2670,7979,1343,4567,831,3600,4099,1720,783,2716,544,2487,1724,5178,569,2614,3690,211,1792,1325,2436,2082,1041,267,1667,581,686,1016,273,79,176,1036,2333,226,673,438,751,222,676,920,2477,1266,115,883,1193,2054,1985,787,855,1521,1878,1043,204,1593,1229,119,1324,843,1206,991,203,1126,242,2183,644,907,1114,485,2208,1243,1384,1961,434,751,575,552,284,760,1243,1595,213,657,198,455,502,1187,408,762,849,70,775,227,1134,857
M2_1,9170,860,572,9104,1816,6578,4136,3993,1379,5273,830,3695,4078,2564,916,3076,536,2561,1646,4330,593,2516,3184,166,1517,1644,2512,1379,1148,243,1427,987,1070,1030,300,127,165,1272,1427,213,570,783,1023,206,1267,1091,1499,1335,179,1758,1645,1228,2028,899,853,885,845,632,190,1715,1685,185,674,1120,834,1373,225,776,198,1495,790,717,657,623,1369,1383,800,1449,725,345,803,636,484,499,1071,821,417,660,229,559,752,701,497,600,588,61,590,337,630,832
M8_2,16680,384,562,20065,736,10369,3710,1732,803,8184,586,1525,2372,5786,520,2213,590,2076,919,4452,425,952,5272,160,1048,1579,1010,921,916,134,1088,373,1020,309,195,334,71,671,1103,91,376,757,588,104,3270,925,1540,1081,132,846,1063,1023,4737,656,616,390,1693,299,87,1073,894,416,758,282,371,1002,120,372,149,2474,523,1425,6947,469,2071,2683,455,2323,510,181,342,381,454,225,2038,695,336,300,165,704,710,542,641,404,274,33,371,257,360,625
M1_2,10450,697,458,9747,1822,8127,8473,4342,1432,6094,827,3447,4088,2064,975,2997,460,2181,2876,5750,571,2534,3054,168,1423,1575,2622,1164,1161,226,1532,944,961,588,315,101,130,1138,1387,222,598,623,918,217,720,1090,1466,1247,176,1504,1515,1259,2084,916,849,538,765,457,170,1609,1287,160,714,559,486,1227,197,583,211,1788,871,703,475,590,1651,1399,931,1618,571,275,962,858,413,420,1306,853,340,806,181,420,589,727,425,610,490,58,580,248,428,820
M4_1,9423,952,654,7861,1230,6339,2730,9124,1377,4889,831,4785,3070,1987,813,2310,654,2094,2175,3652,645,3582,3289,252,1850,1505,3656,1942,1305,211,1817,626,827,712,295,116,146,1332,2032,188,631,495,931,209,979,972,2736,1150,129,1043,1186,1800,2126,832,1001,1159,2100,814,170,1306,1056,171,937,754,1012,969,197,971,195,1798,764,840,815,564,1804,1446,1033,1751,523,880,767,1717,376,642,1087,1283,309,785,182,457,579,1038,482,740,815,48,748,208,922,712
M7_2,11356,1397,538,4131,810,4697,3317,4454,1568,3721,755,5721,2626,2074,942,2563,634,3111,1496,2883,783,3376,3061,301,980,1763,3434,787,561,200,1122,377,864,1386,275,174,125,1818,2225,198,556,585,1076,190,1909,1055,1479,1145,178,1147,1021,1834,889,405,472,1805,1259,1448,143,919,921,266,4400,1147,1378,923,241,1291,85,1390,911,546,822,598,1409,821,464,1328,509,714,781,222,396,849,1510,1475,415,1029,240,1638,770,724,1650,382,1129,93,309,250,1576,737
M1_1,10810,703,422,9785,1958,8050,8387,4311,1409,6095,864,3468,4018,2111,947,3005,460,2311,2821,5528,541,2492,2965,177,1512,1552,2561,1275,1157,225,1387,965,967,613,312,102,157,1126,1361,206,607,577,929,213,810,1111,1506,1322,197,1518,1395,1202,2022,933,866,562,683,454,169,1577,1398,194,708,576,486,1162,217,636,189,1805,845,669,486,604,1695,1398,900,1586,537,345,975,870,374,448,1269,864,382,770,152,383,620,724,411,629,503,55,557,253,407,832
M7_1,11546,1398,551,3992,856,4779,3200,4406,1569,3689,795,5778,2701,1991,915,2638,646,2990,1466,2951,767,3333,3136,325,1016,1753,3427,741,561,191,1190,409,799,1376,284,144,121,1854,2210,213,581,538,1071,173,1890,1103,1477,1131,198,1117,1071,1824,911,428,442,1779,1215,1382,133,948,930,295,4500,1114,1402,932,236,1315,141,1275,893,602,816,595,1372,858,477,1272,507,647,794,209,333,841,1399,1408,383,1070,256,1685,831,604,1656,391,1166,66,329,247,1502,764
M6_1,9327,999,508,7591,1226,6034,2651,7716,1374,4518,786,3730,4111,1763,750,2770,585,2650,1841,5142,595,2574,3638,224,1796,1269,2419,2005,1093,252,1637,554,668,983,287,82,136,968,2467,183,666,395,750,197,695,856,2687,1243,110,970,1202,2093,1983,808,862,1475,1825,1042,226,1661,1203,114,1400,911,1177,928,191,1135,205,2093,611,995,1080,488,2271,1133,1455,1945,474,815,555,533,280,806,1219,1526,244,732,208,355,458,1138,388,673,927,65,819,195,1080,883
M4__2,9438,950,657,8021,1280,6195,2615,9226,1389,4976,873,4799,2935,1966,812,2345,689,2184,2017,3698,629,3502,3238,230,1791,1602,3656,1984,1332,209,1752,621,831,742,272,115,158,1228,1978,211,601,483,975,217,977,919,2832,1143,108,1062,1269,1777,2174,852,1052,1191,2106,841,173,1296,1002,139,928,744,1021,944,215,975,207,1704,801,853,778,524,1913,1561,1019,1739,514,818,762,1689,355,633,1059,1302,307,776,175,492,614,1022,491,793,837,62,749,227,897,761
M5_1,14679,819,532,10684,1076,10411,4651,6102,1168,8494,635,3460,1303,3483,676,1108,610,1017,1361,4226,516,2876,4460,209,1715,1481,2842,1796,1434,150,1800,503,766,775,248,104,144,1053,1251,136,461,445,906,148,837,775,1687,544,106,716,1475,1214,3464,905,1020,1396,2024,772,120,520,471,181,516,702,1768,1229,176,1005,217,2545,730,1162,663,691,2770,2190,633,2547,402,463,761,2087,293,493,1546,793,290,1215,183,445,640,717,434,707,825,42,675,170,1272,383
M5_2,14345,786,516,10581,1040,10653,4642,6098,1122,8503,621,3496,1220,3491,664,1128,532,980,1428,4434,557,2798,4449,222,1825,1513,2834,1807,1403,139,1713,511,750,812,224,105,133,985,1193,159,495,448,879,144,818,786,1723,555,115,699,1474,1213,3480,904,1063,1388,2058,755,111,563,454,183,537,698,1684,1148,199,1039,233,2528,723,1102,618,693,2865,2219,628,2379,400,457,782,2132,284,469,1558,737,282,1195,155,458,650,744,449,692,854,41,723,214,1269,404
M8_1,16658,376,591,19913,783,10357,3767,1708,850,8184,518,1548,2242,5629,506,2285,601,2080,955,4451,400,982,5163,153,1044,1665,1072,950,881,148,1106,378,948,328,181,338,68,677,1087,109,361,702,556,97,3222,949,1532,1063,147,799,1062,1046,4682,676,589,419,1713,317,85,1158,934,451,764,313,342,1018,116,372,121,2462,485,1375,6904,495,2024,2732,414,2241,484,170,372,381,494,227,2044,620,300,294,186,591,698,507,543,417,258,45,362,265,348,690
M3_2,7076,591,410,10462,1629,4669,3799,4914,1377,3648,888,3798,4377,2470,924,3205,473,2633,2604,3311,540,2772,2216,164,1761,1923,2837,1561,1498,217,1623,805,1170,534,302,126,128,1330,1545,201,569,776,967,222,764,1122,1602,1436,216,2087,1578,1334,1380,1162,957,644,858,433,179,1891,1504,188,745,561,639,1945,232,669,250,1159,836,873,916,630,1132,940,1129,957,669,338,822,797,514,395,850,992,436,714,183,443,763,767,482,745,574,58,688,313,494,934
M2_2,9079,884,523,9195,1832,6517,4259,3955,1324,5252,899,3747,4028,2567,921,2969,576,2561,1610,4397,594,2555,3113,207,1454,1754,2467,1402,1175,243,1524,916,1102,1078,298,120,124,1294,1345,204,595,723,1051,219,1349,1130,1527,1353,178,1703,1645,1192,1958,966,762,918,793,619,184,1756,1661,198,635,1118,857,1391,229,731,199,1577,760,710,593,628,1388,1362,807,1539,667,317,796,656,542,477,1073,874,427,738,207,526,719,761,498,619,630,70,546,325,621,822
M9_2,3037,715,2190,6083,971,1624,526,3605,1418,1177,878,3098,2187,3095,792,2307,2423,1754,1387,850,810,1986,1595,305,3656,2229,2243,7510,1176,197,2880,505,1294,494,271,203,121,1166,2665,165,542,1171,1308,178,9106,1674,2616,1082,202,1848,1513,2108,532,951,1064,508,1668,529,113,944,848,247,656,538,430,1129,217,539,242,316,1131,1613,534,763,250,420,823,301,788,386,1036,483,695,424,487,1731,666,1028,298,885,854,1215,832,1369,450,47,1857,441,423,610
DEVA_BWPP7_M,1661,2815,688,1745,2020,833,384,2979,4589,659,4432,2484,1110,2173,2974,1085,877,984,2073,469,1572,1924,461,493,1303,1679,1883,1036,1753,4148,1111,1038,1797,972,3174,118,1239,1679,905,4068,2029,1032,1593,3687,650,1451,776,528,273,1420,1100,740,351,765,1469,926,846,956,3228,373,425,211,852,932,849,879,1853,864,259,244,913,661,449,994,193,266,474,265,812,546,957,649,937,722,249,426,659,737,518,461,692,397,408,468,765,619,401,1061,632,329
DEVA_BWPP7_G,1164,1241,1431,1377,1005,593,236,3575,1944,457,1199,2540,2333,3963,1228,2166,1082,1821,1303,323,809,1577,329,305,2100,2555,1603,1744,2544,444,1924,571,2813,1204,474,193,243,1732,1201,327,874,1943,1275,316,1137,2151,1178,1231,387,3587,1206,1006,292,1709,1712,1348,1590,910,280,811,827,337,742,1386,1712,1239,375,1037,402,155,888,1316,1012,1348,132,211,780,179,1858,453,1030,1393,2013,658,154,721,951,716,291,647,1074,699,593,772,822,133,614,778,889,680
DEVA_BWPP7_H,2076,1541,2115,1990,1028,1096,463,2913,1602,831,1176,2064,3073,3212,1126,2987,1068,2212,1312,612,785,1381,567,332,2133,2116,1242,1658,2206,429,1783,548,2064,1385,452,146,235,1381,1261,370,728,1430,1082,335,999,1873,1356,1553,285,2705,1002,1108,391,1593,1495,1693,3767,1171,288,1012,1132,225,792,1581,2319,1057,350,1248,528,303,803,1757,1159,1286,249,308,831,295,1918,415,876,1108,1460,871,293,793,768,617,293,543,915,681,443,840,1008,111,692,628,1191,809
DEVA_BWPP7_L,1335,2929,659,1237,2351,564,269,2734,5822,483,5871,2210,839,1954,3265,785,793,671,2220,326,1768,1693,343,509,958,1418,1660,659,969,5888,788,1196,1590,1046,4446,116,1558,1584,667,5895,2518,884,1610,5313,521,1443,559,366,252,1234,1010,555,276,470,870,807,341,1009,4792,287,254,182,886,860,752,803,2385,843,188,164,896,440,296,1030,140,184,301,164,744,521,812,396,596,664,198,343,604,681,553,417,586,244,376,375,667,702,294,1165,666,231
DEVA_BWPP7_I,1945,1377,4844,1801,950,1023,476,2481,1843,770,1273,1885,2803,3424,1092,2754,1439,2083,1282,636,938,1340,527,321,1690,2051,1221,1449,2214,512,1538,508,2339,1251,551,143,237,1526,1157,456,769,1730,1088,428,1190,1821,1138,1728,310,2400,1059,902,387,1197,1406,1372,1939,929,362,885,971,288,943,1467,1996,1038,372,1041,361,312,696,1191,1216,1350,280,307,656,324,2095,409,714,1117,2077,712,263,617,809,597,313,528,878,566,467,668,775,165,522,886,1066,768
DEVA_BWPP7_N,1673,1527,784,1990,1108,958,370,2860,2438,744,1900,2388,2135,3501,1376,2090,863,1801,1364,493,1056,1790,407,334,2150,2198,1806,1792,2427,1147,1826,622,2535,1016,1052,162,382,1596,1265,1152,1038,1888,1264,1016,1233,1879,1265,1083,357,2867,1071,1059,368,1658,1747,1096,4513,994,929,679,783,255,673,1101,1142,1138,550,950,535,247,846,1809,1222,1110,175,251,798,206,1452,453,940,987,2314,733,202,667,1013,741,342,544,965,709,474,848,773,218,721,960,774,590
ADM1_R1_q25,2462,7506,600,913,746,1603,4943,940,3230,1093,15777,997,1089,1005,4733,1236,585,923,2678,688,1622,546,527,435,469,707,417,411,523,1619,379,308,1077,1606,2223,52,4798,696,299,2388,1621,493,767,1988,268,787,178,582,109,316,412,286,314,205,363,1523,92,1807,1713,539,474,108,1362,1486,1382,280,1286,968,58,178,391,270,349,570,134,264,151,130,1167,420,312,186,483,919,299,181,277,271,509,225,223,149,169,243,960,10517,125,533,892,394
ADM2_R1_q25,6387,4828,529,1655,948,4550,14098,770,2720,2969,12616,821,1926,1017,3070,2074,454,1827,1713,1855,1267,467,1231,333,707,715,369,762,1061,1488,572,465,1057,832,2013,41,8636,541,504,2040,1466,526,683,3124,286,708,326,1030,86,301,534,458,637,361,666,957,129,1059,1527,971,876,80,1091,983,938,328,1197,645,91,468,397,310,444,490,334,506,266,323,468,523,294,428,534,554,712,218,350,243,369,247,249,240,227,316,596,8825,193,1046,583,716
ADM3_R1_q25,841,203247,55,254,410,693,2055,86,287,510,395,150,128,75,236,127,51,136,253,247,89,79,179,62,41,69,63,37,40,103,36,172,46,107,102,7,189,107,37,125,110,11,64,97,42,50,36,47,15,17,75,25,92,19,26,163,5,117,132,91,34,11,115,122,342,46,117,165,6,63,81,21,13,52,59,95,10,40,29,43,48,13,26,140,88,17,11,86,27,44,18,29,9,23,133,75,11,18,110,55
GB14.Cone.Pool.Mat,1845,1141,983,12854,59880,1067,353,1059,1809,856,1278,856,85,555,1618,83,1194,129,1180,345,8594,580,747,15297,373,586,590,197,251,345,318,9554,463,762,702,61,1655,1944,174,337,698,119,988,379,212,346,141,45,63,125,508,155,241,115,245,1010,52,814,187,58,41,83,545,532,437,346,532,911,78,221,718,111,43,232,274,553,29,270,112,7199,294,68,116,596,239,106,248,513,4181,152,241,83,130,113,573,87,78,102,253,22
GB14.Orange.Biofilm.Below.Weir,5523,1063,1524,23298,26379,6652,1205,441,1106,5253,452,369,77,622,855,94,1591,86,1018,1242,14127,197,1738,26981,400,515,193,240,163,102,352,10512,391,1157,281,65,398,1228,173,96,451,96,641,103,243,333,123,51,45,125,441,166,634,98,125,1839,56,1186,56,81,40,71,294,851,905,314,221,1740,54,769,687,119,47,209,954,1386,40,773,94,5031,209,32,66,886,642,89,205,357,6900,165,200,73,132,106,1108,36,108,68,461,36
GB14.Black.Soil.Upstream.of.Weir,45755,190,356,8850,2870,28007,9255,449,582,20321,247,509,865,584,387,877,374,1552,659,7895,238,402,9577,91,599,534,387,700,674,75,684,1467,676,105,129,13,66,434,508,59,266,387,305,76,150,260,378,383,45,94,872,456,3362,227,367,197,91,109,32,416,543,42,132,108,88,575,101,170,124,3812,307,257,87,151,3604,2329,189,2758,194,100,232,284,162,97,4221,248,113,182,67,138,275,251,147,272,128,35,269,104,160,376
LHC14.Cone.Pool.Cones,6803,1134,1679,25462,19044,3737,1357,495,1072,3144,554,405,70,620,866,55,1767,78,985,1561,18463,191,2329,35172,437,456,193,160,130,170,307,3822,436,1106,329,77,784,1230,138,95,434,68,604,79,216,344,98,47,49,96,417,128,864,84,187,1820,27,1070,63,101,27,73,298,887,864,271,213,1692,103,847,695,86,37,214,1122,2064,34,1081,76,5147,269,45,35,753,885,63,215,340,9013,319,148,43,195,92,1006,40,79,68,425,21
G5090,2346,4829,1113,1989,1318,979,387,1254,3617,710,2667,1296,1025,2129,4946,982,1176,1302,3012,509,1954,813,781,574,649,1253,725,460,596,2272,541,590,1805,1278,1754,55,2037,877,531,1903,1644,7731,948,2389,656,1248,289,728,219,800,663,371,351,282,451,1109,122,1738,1392,327,467,238,685,1186,877,547,1403,760,70,201,486,255,171,814,172,306,142,352,1048,428,336,261,1746,827,414,206,682,314,554,424,487,216,347,387,709,1530,174,578,762,281
G5088,2296,5048,1017,2251,1057,942,384,1090,3440,768,2921,1362,1553,2149,5113,1488,1043,1912,3133,589,1925,709,763,474,666,1169,651,467,507,2227,576,542,1865,1458,1651,92,1890,764,523,2060,1583,7234,849,2531,720,1317,307,1164,210,766,704,382,398,301,482,1192,150,1858,1347,494,620,187,639,1249,940,558,1392,833,69,248,494,283,206,803,185,314,159,317,1066,437,362,244,1730,920,365,243,680,309,617,397,516,206,313,346,746,1761,177,577,771,320
G5089,2514,5245,1072,2293,1227,1015,444,1243,3518,804,2802,1327,1028,1946,5010,957,1193,1267,3188,540,2026,781,834,585,594,1114,683,463,562,2279,505,605,1649,1399,1657,82,2072,756,515,2048,1670,6448,923,2440,665,1294,285,690,171,779,759,378,395,289,411,1073,122,1942,1375,341,425,209,652,1204,938,599,1387,871,81,253,535,239,172,793,215,347,132,356,933,460,322,229,1579,840,389,213,618,327,636,366,439,219,343,346,754,1547,192,550,739,250
KOW_3,698,3089,98,465,565,346,113,294,6960,233,750,232,190,5271,1836,171,175,349,819,134,1065,106,206,174,691,3614,112,354,434,524,528,299,2794,4671,411,8444,129,424,280,277,2231,4133,790,276,1309,2304,213,90,16429,1718,283,310,194,154,673,707,64,931,311,55,62,5082,255,655,346,248,368,446,81,82,333,210,49,1558,76,116,93,69,1159,239,197,77,1083,813,162,171,5074,454,214,3667,1920,94,4109,204,380,110,209,1743,169,47
KOW_0,401,5546,105,366,370,231,45,286,11317,151,962,200,153,2910,4521,181,167,427,1154,71,864,117,157,198,769,3267,133,456,355,409,673,168,768,3593,463,21302,242,475,329,293,4462,685,1000,281,2490,1132,278,91,3204,485,332,385,67,173,570,761,58,1111,229,48,78,12912,315,616,325,196,437,507,81,36,484,318,64,595,42,54,75,37,361,241,309,81,285,822,100,216,1406,886,202,3453,1652,137,3603,206,437,61,233,338,213,40
Zloty_Stok_ZS_2,631,2965,166,423,246,296,99,420,1233,201,487,317,319,4263,793,291,176,613,787,123,841,178,158,244,573,2259,185,399,452,165,550,117,2664,21264,151,4364,63,359,453,102,413,2009,398,123,1049,2389,319,126,26204,1751,246,482,158,238,540,2563,128,3659,132,92,97,2073,528,1926,1085,195,130,1532,98,72,296,465,128,1484,77,81,125,62,916,610,201,110,761,3408,185,354,5413,461,199,1416,924,157,1612,221,1352,63,202,949,710,62
KOW_2,361,4728,124,369,424,221,47,272,3876,172,917,234,196,2927,3538,210,168,460,1039,68,726,151,130,181,975,3938,168,656,469,382,935,211,648,2461,533,33769,216,507,443,313,1263,781,1151,321,5766,1076,400,99,973,417,380,439,82,192,635,603,96,884,212,73,72,20697,325,437,269,257,438,416,92,29,518,349,79,538,43,65,119,40,402,210,437,135,297,680,98,297,1055,574,236,3839,1972,171,4183,273,357,71,399,280,159,57
Zloty_Stok_ZS_3,742,1950,280,720,864,441,117,2294,2251,280,893,1521,593,3382,1020,552,430,1161,1080,138,842,1185,199,245,2798,4652,1326,1508,1008,264,2783,499,1509,2799,412,1860,111,2455,1104,206,751,928,1881,173,4986,1427,1461,280,7290,997,1023,1137,156,828,1103,1731,498,2098,117,200,195,1331,2226,887,840,843,334,1229,255,69,1347,1707,364,653,82,137,316,71,555,598,931,482,584,2962,121,634,2203,1359,272,2776,2331,473,3040,971,1051,63,782,476,549,169
SSD10_S12_L002_R1_001,2585,2160,964,1422,4140,1582,4458,3126,5273,1056,4754,2529,388,1090,4384,374,1014,361,2790,690,1577,2186,599,427,612,1057,2023,541,598,4478,586,1837,1586,431,3786,85,2149,1791,499,3627,2266,849,1671,3302,402,913,305,188,167,464,1115,440,419,252,521,375,157,567,2639,176,155,154,844,422,318,726,2346,514,123,242,856,248,180,582,226,306,192,173,412,428,750,185,482,378,293,206,485,715,603,272,429,224,255,299,421,685,170,455,307,142
SSD4_S18_L001_R1_001,3036,2433,913,1606,5260,1945,4968,3413,5071,1145,4491,2873,464,1208,4340,415,1034,488,2512,745,1627,2404,643,466,815,1198,2173,657,805,3970,712,2383,1288,422,2990,66,2286,1849,566,2780,2306,484,1874,2343,387,964,389,164,180,571,1260,559,531,414,566,441,687,619,1836,248,208,104,846,453,404,912,2039,551,227,311,862,444,257,652,239,345,255,229,428,550,889,250,379,395,356,303,350,766,500,312,411,252,270,322,519,759,227,382,367,194
SSD7_S5_L001_R1_001,3020,2901,915,1778,6076,1921,4257,2833,4594,1123,3787,2383,765,1272,4033,683,1012,606,2735,704,1542,1699,678,519,1135,1274,1425,952,1391,2259,1073,2813,1314,528,2568,69,3145,1719,997,2446,2080,395,1816,2122,452,917,632,308,183,544,1385,811,531,625,916,557,609,701,1773,282,281,113,860,507,489,746,1595,623,552,285,945,497,291,664,321,327,447,295,411,650,1058,397,366,451,350,466,365,912,598,290,442,430,321,452,569,482,460,511,365,252
SSD4_S18_L002_R1_001,2995,2318,946,1680,5168,1917,5009,3528,5227,1098,4703,2822,471,1227,4387,414,1010,461,2712,706,1600,2304,640,492,800,1069,2092,658,778,3948,754,2243,1422,397,3024,71,2372,1916,569,2857,2242,547,1843,2298,448,998,354,234,165,591,1293,549,448,428,598,361,726,555,1809,255,176,108,843,392,375,926,1966,568,226,286,910,432,276,608,259,358,234,260,448,546,879,265,434,433,379,283,380,859,549,334,368,263,284,349,481,657,269,394,338,192
SSD9_S9_L002_R1_001,2848,2400,904,1623,4688,1649,4380,4120,5037,1130,5072,3567,543,1108,4276,549,1035,495,2536,671,1581,3090,615,484,730,1160,2882,646,623,3828,721,2042,1405,453,3238,74,2533,1861,574,2901,2253,446,1743,2505,338,861,344,218,137,480,1117,577,451,431,476,426,323,572,2161,216,164,106,859,431,313,761,2048,535,348,308,872,405,243,655,261,320,285,227,431,450,793,243,318,407,338,311,323,770,526,313,350,283,264,339,457,691,274,287,326,219
SSD8_S7_L003_R1_001,2828,2080,956,1570,4633,1757,4664,3716,4835,1140,5005,3304,763,1404,3549,756,1070,719,2359,767,1386,2674,612,435,947,1306,2376,837,1301,3737,828,2066,1831,375,2860,82,1969,1689,668,2785,2135,1049,1733,2300,476,1007,519,353,207,638,1337,632,454,573,742,389,463,521,1973,496,372,150,834,351,316,876,1825,509,278,271,915,508,356,649,229,320,307,199,541,459,871,433,642,312,309,349,556,790,546,384,527,330,270,396,434,633,241,600,325,317
SSD3_S16_L003_R1_001,2793,2222,992,1812,4183,1459,2820,3556,4339,1075,4604,3053,977,1539,3307,887,1105,1022,2302,609,1273,2554,668,460,1517,1404,2317,1409,3581,2888,1154,1942,1521,429,2570,51,1929,1729,1064,2487,1919,697,1802,2066,488,910,659,364,151,599,1383,779,485,971,1708,400,554,572,1670,405,399,104,959,428,355,1066,1593,524,512,344,902,686,352,668,243,351,529,270,528,451,948,989,525,368,353,500,493,837,519,378,565,540,319,627,500,568,534,577,340,353
SD3_S15_L001_R1_001,2590,2370,1030,1628,5106,1565,2896,3531,4936,880,4733,2757,624,1373,3918,540,1121,545,2578,582,1661,2124,548,530,963,1270,1904,882,1906,4012,939,2405,1524,449,3011,81,2158,1800,732,2999,2211,501,1704,2501,418,1014,479,238,161,490,1231,682,433,605,1012,526,268,595,2129,244,229,101,796,531,546,810,2031,685,325,307,1076,420,282,724,258,286,386,202,433,564,940,559,425,413,304,405,388,699,584,312,418,348,321,427,583,667,344,434,464,181
SD6_S2_L001_R1_001,5157,3325,755,3293,3573,3150,5747,2107,3289,2258,6375,1816,2411,1434,2603,2570,700,2142,1691,1533,1153,1321,1228,462,1377,1144,1110,1247,2146,1933,1246,1607,1282,881,2327,62,1750,1090,1085,2334,1525,712,1425,2098,513,1063,707,1109,145,676,875,901,1069,881,1192,1153,1337,1092,1891,1218,1256,135,747,926,1121,620,1084,865,278,712,880,855,873,659,538,675,629,589,452,424,842,718,489,681,619,510,464,895,423,338,496,554,310,551,772,757,463,823,730,876
SSD6_S3_L003_R1_001,2656,2621,924,1716,4629,1557,3647,3970,4811,1015,5198,3400,654,1204,4123,611,1027,591,2567,642,1498,2801,565,519,824,1127,2536,686,1050,3557,712,2112,1417,417,3028,54,2372,1715,611,2944,2369,541,1805,2460,427,968,382,289,164,583,1226,595,438,481,685,422,452,647,2144,311,239,125,979,474,410,740,2055,613,261,297,943,400,270,635,209,344,307,222,458,494,844,354,350,426,334,317,396,766,577,325,369,285,263,364,492,716,312,437,393,227
SSD10_S12_L003_R1_001,2334,2192,881,1518,4201,1520,3902,3561,5351,981,4766,2699,476,1296,4099,399,1002,467,2631,603,1444,2228,549,444,612,1148,2127,526,634,4348,591,1836,1725,376,3628,78,2090,1831,474,3558,2302,890,1892,3201,387,866,317,187,187,489,1263,430,418,262,538,365,201,498,2603,196,183,150,806,396,287,784,2272,476,108,232,873,263,167,541,209,298,194,163,454,455,765,243,555,336,271,203,446,766,567,324,418,212,255,320,422,706,160,496,262,156
SD6_S2_L002_R1_001,5138,3382,754,3301,3375,3148,5642,2064,3115,2241,6144,1990,2554,1517,2521,2554,730,2314,1729,1430,1121,1311,1251,416,1313,1243,1114,1306,2163,2001,1164,1768,1333,921,2351,61,1780,1074,1065,2376,1474,690,1466,2157,468,1050,656,1020,129,621,873,811,1024,822,1197,1082,1323,1057,1811,1232,1305,127,704,902,1131,614,1128,865,340,667,1029,869,901,688,573,643,736,565,523,369,833,710,494,700,572,580,386,964,413,304,511,540,315,607,806,808,517,842,731,835
SD10_S10_L001_R1_001,3714,2294,847,1901,3921,2303,6988,2534,4762,1532,4835,2108,675,1135,4171,663,841,682,2477,1015,1504,1628,800,455,660,1109,1458,645,864,4231,619,1864,1327,492,3619,56,2009,1635,659,3465,2154,617,1583,3096,391,862,372,263,155,486,975,491,544,370,612,475,334,587,2599,314,315,99,671,458,480,673,2132,597,187,359,817,370,234,585,241,472,274,220,445,516,677,275,413,383,464,310,387,731,570,263,382,241,255,316,499,651,215,543,370,277
SSD8_S7_L004_R1_001,2874,2029,994,1646,4549,1726,4776,3802,4693,1156,4935,3156,815,1395,3681,709,1052,702,2355,705,1481,2578,572,452,891,1281,2439,802,1152,3829,797,2075,1923,336,2857,66,1884,1765,694,2706,2198,1011,1849,2294,461,942,515,328,201,663,1354,610,504,534,756,405,389,539,1886,533,365,121,811,371,311,883,1832,472,269,299,909,399,373,636,230,331,324,219,552,473,838,498,632,360,330,348,565,784,517,385,471,297,294,414,482,693,297,657,302,278
SD7_S4_L001_R1_001,3593,2759,972,1819,6079,2248,6295,2968,4841,1443,4146,2401,576,1248,4045,549,1022,551,2683,934,1508,1739,740,560,954,1130,1641,812,1172,2954,750,2709,1332,543,2742,64,2424,1735,703,2361,2032,478,1685,2100,407,867,471,226,146,491,1368,646,567,530,746,560,525,689,1701,263,195,112,799,463,470,876,1690,629,359,339,933,431,258,665,317,368,341,249,412,605,880,373,356,490,445,361,390,754,544,277,440,361,287,388,573,522,344,460,447,189
